alert_id,hit_id,customer_id,account_id,scenario_id,window_start,window_end,transaction_count,amount_try,evidence_value,threshold_value,source_transaction_ids,rationale,kyc_risk_score,kyc_risk_band,kyc_overdue_flag,anomaly_score,anomaly_flag,graph_risk_score,short_cycle_member,total_degree,scenario_severity,alert_score,priority,recommended_action,alert_explanation
AL000001,H000009,C000550,A0001105,CIRCULAR_TRANSFER,2026-07-04 12:00:00,2026-07-04 20:00:00,3,445931.100000,3.000000,3.000000,T000048235|T000048236|T000048237,A short internal transfer cycle connected three synthetic customers.,22.000000,LOW,False,97.830000,True,90.390000,True,40,95.000000,83.260000,HIGH,Senior analyst review; preserve evidence; consider enhanced due diligence,scenario=CIRCULAR_TRANSFER:95; KYC=22.0; anomaly=97.8; graph=90.4
AL000002,H000005,C000087,A0001991,CIRCULAR_TRANSFER,2026-07-09 12:00:00,2026-07-09 20:00:00,3,423007.530000,3.000000,3.000000,T000048241|T000048242|T000048243,A short internal transfer cycle connected three synthetic customers.,30.000000,MEDIUM,True,95.110000,True,75.260000,True,28,95.000000,82.640000,HIGH,Senior analyst review; preserve evidence; consider enhanced due diligence,scenario=CIRCULAR_TRANSFER:95; KYC=30.0; anomaly=95.1; graph=75.3
AL000003,H000018,C001180,A0001533,CIRCULAR_TRANSFER,2026-07-04 12:00:00,2026-07-04 20:00:00,3,445931.100000,3.000000,3.000000,T000048235|T000048236|T000048237,A short internal transfer cycle connected three synthetic customers.,33.000000,MEDIUM,True,99.000000,True,60.740000,True,16,95.000000,82.210000,HIGH,Senior analyst review; preserve evidence; consider enhanced due diligence,scenario=CIRCULAR_TRANSFER:95; KYC=33.0; anomaly=99.0; graph=60.7
AL000004,H000025,C001508,A0000731,CIRCULAR_TRANSFER,2026-08-11 12:00:00,2026-08-11 18:00:00,3,422477.130000,3.000000,3.000000,T000048396|T000048397|T000048398,A short internal transfer cycle connected three synthetic customers.,17.000000,LOW,True,93.060000,False,94.220000,True,62,95.000000,82.170000,HIGH,Senior analyst review; preserve evidence; consider enhanced due diligence,scenario=CIRCULAR_TRANSFER:95; KYC=17.0; anomaly=93.1; graph=94.2
AL000005,H000027,C001650,A0001935,CIRCULAR_TRANSFER,2026-07-22 12:00:00,2026-07-22 20:00:00,3,785625.160000,3.000000,3.000000,T000048250|T000048251|T000048252,A short internal transfer cycle connected three synthetic customers.,17.000000,LOW,False,93.110000,False,91.850000,True,43,95.000000,81.940000,HIGH,Senior analyst review; preserve evidence; consider enhanced due diligence,scenario=CIRCULAR_TRANSFER:95; KYC=17.0; anomaly=93.1; graph=91.8
AL000006,H000001,C000050,A0000496,CIRCULAR_TRANSFER,2026-07-22 12:00:00,2026-07-22 20:00:00,3,785625.160000,3.000000,3.000000,T000048250|T000048251|T000048252,A short internal transfer cycle connected three synthetic customers.,21.000000,LOW,True,93.330000,False,84.090000,True,33,95.000000,81.840000,HIGH,Senior analyst review; preserve evidence; consider enhanced due diligence,scenario=CIRCULAR_TRANSFER:95; KYC=21.0; anomaly=93.3; graph=84.1
AL000007,H000024,C001462,A0002124,CIRCULAR_TRANSFER,2026-08-11 12:00:00,2026-08-11 18:00:00,3,422477.130000,3.000000,3.000000,T000048396|T000048397|T000048398,A short internal transfer cycle connected three synthetic customers.,26.000000,LOW,False,93.170000,False,76.250000,True,30,95.000000,81.830000,HIGH,Senior analyst review; preserve evidence; consider enhanced due diligence,scenario=CIRCULAR_TRANSFER:95; KYC=26.0; anomaly=93.2; graph=76.2
AL000008,H000019,C001216,A0000127,CIRCULAR_TRANSFER,2026-06-29 12:00:00,2026-06-29 20:00:00,3,726432.950000,3.000000,3.000000,T000048247|T000048248|T000048249,A short internal transfer cycle connected three synthetic customers.,9.000000,LOW,True,98.780000,True,94.650000,True,61,95.000000,81.730000,HIGH,Senior analyst review; preserve evidence; consider enhanced due diligence,scenario=CIRCULAR_TRANSFER:95; KYC=9.0; anomaly=98.8; graph=94.7
AL000009,H000010,C000626,A0000609,CIRCULAR_TRANSFER,2026-08-14 12:00:00,2026-08-14 20:00:00,3,799436.070000,3.000000,3.000000,T000048232|T000048233|T000048234,A short internal transfer cycle connected three synthetic customers.,23.000000,LOW,True,93.830000,False,79.010000,True,30,95.000000,81.720000,HIGH,Senior analyst review; preserve evidence; consider enhanced due diligence,scenario=CIRCULAR_TRANSFER:95; KYC=23.0; anomaly=93.8; graph=79.0
AL000010,H000026,C001531,A0001298,CIRCULAR_TRANSFER,2026-08-15 12:00:00,2026-08-15 18:00:00,3,383314.230000,3.000000,3.000000,T000048393|T000048394|T000048395,A short internal transfer cycle connected three synthetic customers.,17.000000,LOW,True,90.780000,False,87.280000,True,36,95.000000,81.160000,HIGH,Senior analyst review; preserve evidence; consider enhanced due diligence,scenario=CIRCULAR_TRANSFER:95; KYC=17.0; anomaly=90.8; graph=87.3
AL000011,H000030,C001786,A0002062,CIRCULAR_TRANSFER,2026-07-13 12:00:00,2026-07-13 20:00:00,3,661108.670000,3.000000,3.000000,T000048244|T000048245|T000048246,A short internal transfer cycle connected three synthetic customers.,15.000000,LOW,True,90.280000,False,90.070000,True,39,95.000000,81.050000,HIGH,Senior analyst review; preserve evidence; consider enhanced due diligence,scenario=CIRCULAR_TRANSFER:95; KYC=15.0; anomaly=90.3; graph=90.1
AL000012,H000023,C001409,A0001573,CIRCULAR_TRANSFER,2026-06-29 12:00:00,2026-06-29 20:00:00,3,726432.950000,3.000000,3.000000,T000048247|T000048248|T000048249,A short internal transfer cycle connected three synthetic customers.,16.000000,LOW,False,97.940000,True,77.280000,True,29,95.000000,81.000000,HIGH,Senior analyst review; preserve evidence; consider enhanced due diligence,scenario=CIRCULAR_TRANSFER:95; KYC=16.0; anomaly=97.9; graph=77.3
AL000013,H000012,C000873,A0000102,CIRCULAR_TRANSFER,2026-08-14 12:00:00,2026-08-14 20:00:00,3,799436.070000,3.000000,3.000000,T000048232|T000048233|T000048234,A short internal transfer cycle connected three synthetic customers.,15.000000,LOW,False,96.610000,True,79.040000,True,31,95.000000,80.830000,HIGH,Senior analyst review; preserve evidence; consider enhanced due diligence,scenario=CIRCULAR_TRANSFER:95; KYC=15.0; anomaly=96.6; graph=79.0
AL000014,H000017,C001152,A0000971,CIRCULAR_TRANSFER,2026-08-14 12:00:00,2026-08-14 20:00:00,3,799436.070000,3.000000,3.000000,T000048232|T000048233|T000048234,A short internal transfer cycle connected three synthetic customers.,12.000000,LOW,True,92.280000,False,89.740000,True,39,95.000000,80.810000,HIGH,Senior analyst review; preserve evidence; consider enhanced due diligence,scenario=CIRCULAR_TRANSFER:95; KYC=12.0; anomaly=92.3; graph=89.7
AL000015,H000002,C000052,A0000933,CIRCULAR_TRANSFER,2026-07-04 12:00:00,2026-07-04 20:00:00,3,445931.100000,3.000000,3.000000,T000048235|T000048236|T000048237,A short internal transfer cycle connected three synthetic customers.,9.000000,LOW,False,91.720000,False,91.040000,True,41,95.000000,80.380000,HIGH,Senior analyst review; preserve evidence; consider enhanced due diligence,scenario=CIRCULAR_TRANSFER:95; KYC=9.0; anomaly=91.7; graph=91.0
AL000016,H000021,C001284,A0000319,CIRCULAR_TRANSFER,2026-07-13 12:00:00,2026-07-13 20:00:00,3,661108.670000,3.000000,3.000000,T000048244|T000048245|T000048246,A short internal transfer cycle connected three synthetic customers.,12.000000,LOW,False,99.500000,True,75.160000,True,28,95.000000,80.370000,HIGH,Senior analyst review; preserve evidence; consider enhanced due diligence,scenario=CIRCULAR_TRANSFER:95; KYC=12.0; anomaly=99.5; graph=75.2
AL000017,H000098,C000942,A0001205,RAPID_MOVEMENT,2026-06-30 14:00:00,2026-06-30 19:00:00,2,962144.070000,0.831000,0.800000,T000048099|T000048100,Material incoming funds were followed by rapid outbound movement.,50.000000,HIGH,True,98.000000,True,58.380000,False,33,88.000000,80.360000,HIGH,Senior analyst review; preserve evidence; consider enhanced due diligence,scenario=RAPID_MOVEMENT:88; KYC=50.0; anomaly=98.0; graph=58.4
AL000018,H000016,C001105,A0000347,CIRCULAR_TRANSFER,2026-07-09 12:00:00,2026-07-09 20:00:00,3,423007.530000,3.000000,3.000000,T000048241|T000048242|T000048243,A short internal transfer cycle connected three synthetic customers.,15.000000,LOW,True,91.060000,False,81.310000,True,31,95.000000,80.280000,HIGH,Senior analyst review; preserve evidence; consider enhanced due diligence,scenario=CIRCULAR_TRANSFER:95; KYC=15.0; anomaly=91.1; graph=81.3
AL000019,H000029,C001741,A0002092,CIRCULAR_TRANSFER,2026-06-27 12:00:00,2026-06-27 20:00:00,3,459519.170000,3.000000,3.000000,T000048229|T000048230|T000048231,A short internal transfer cycle connected three synthetic customers.,15.000000,LOW,True,98.330000,True,69.460000,True,25,95.000000,80.110000,HIGH,Senior analyst review; preserve evidence; consider enhanced due diligence,scenario=CIRCULAR_TRANSFER:95; KYC=15.0; anomaly=98.3; graph=69.5
AL000020,H000011,C000646,A0001792,CIRCULAR_TRANSFER,2026-06-29 12:00:00,2026-06-29 20:00:00,3,726432.950000,3.000000,3.000000,T000048247|T000048248|T000048249,A short internal transfer cycle connected three synthetic customers.,17.000000,LOW,True,91.890000,False,75.060000,True,28,95.000000,80.090000,HIGH,Senior analyst review; preserve evidence; consider enhanced due diligence,scenario=CIRCULAR_TRANSFER:95; KYC=17.0; anomaly=91.9; graph=75.1
AL000021,H000015,C001016,A0002205,CIRCULAR_TRANSFER,2026-06-27 12:00:00,2026-06-27 20:00:00,3,459519.170000,3.000000,3.000000,T000048229|T000048230|T000048231,A short internal transfer cycle connected three synthetic customers.,9.000000,LOW,False,92.610000,False,86.570000,True,35,95.000000,80.060000,HIGH,Senior analyst review; preserve evidence; consider enhanced due diligence,scenario=CIRCULAR_TRANSFER:95; KYC=9.0; anomaly=92.6; graph=86.6
AL000022,H000003,C000054,A0000668,CIRCULAR_TRANSFER,2026-07-22 12:00:00,2026-07-22 20:00:00,3,785625.160000,3.000000,3.000000,T000048250|T000048251|T000048252,A short internal transfer cycle connected three synthetic customers.,15.000000,LOW,True,90.390000,False,77.010000,True,29,95.000000,79.760000,MEDIUM,Analyst review with customer and counterparty context,scenario=CIRCULAR_TRANSFER:95; KYC=15.0; anomaly=90.4; graph=77.0
AL000023,H000020,C001218,A0000107,CIRCULAR_TRANSFER,2026-06-29 12:00:00,2026-06-29 20:00:00,3,620312.620000,3.000000,3.000000,T000048238|T000048239|T000048240,A short internal transfer cycle connected three synthetic customers.,15.000000,LOW,False,91.500000,False,74.910000,True,28,95.000000,79.700000,MEDIUM,Analyst review with customer and counterparty context,scenario=CIRCULAR_TRANSFER:95; KYC=15.0; anomaly=91.5; graph=74.9
AL000024,H000007,C000448,A0000401,CIRCULAR_TRANSFER,2026-06-27 12:00:00,2026-06-27 20:00:00,3,459519.170000,3.000000,3.000000,T000048229|T000048230|T000048231,A short internal transfer cycle connected three synthetic customers.,9.000000,LOW,True,92.390000,False,82.930000,True,32,95.000000,79.670000,MEDIUM,Analyst review with customer and counterparty context,scenario=CIRCULAR_TRANSFER:95; KYC=9.0; anomaly=92.4; graph=82.9
AL000025,H000013,C000894,A0000022,CIRCULAR_TRANSFER,2026-07-13 12:00:00,2026-07-13 20:00:00,3,661108.670000,3.000000,3.000000,T000048244|T000048245|T000048246,A short internal transfer cycle connected three synthetic customers.,23.000000,LOW,True,78.890000,False,77.380000,True,29,95.000000,79.460000,MEDIUM,Analyst review with customer and counterparty context,scenario=CIRCULAR_TRANSFER:95; KYC=23.0; anomaly=78.9; graph=77.4
AL000026,H000006,C000389,A0001775,CIRCULAR_TRANSFER,2026-07-09 12:00:00,2026-07-09 20:00:00,3,423007.530000,3.000000,3.000000,T000048241|T000048242|T000048243,A short internal transfer cycle connected three synthetic customers.,15.000000,LOW,False,98.940000,True,61.220000,True,17,95.000000,79.370000,MEDIUM,Analyst review with customer and counterparty context,scenario=CIRCULAR_TRANSFER:95; KYC=15.0; anomaly=98.9; graph=61.2
AL000027,H000054,C000734,A0001587,FUNNEL_MULE,2026-07-15 09:00:00,2026-07-16 01:00:00,7,476990.870000,6.780000,5.750000,T000048379|T000048380|T000048381|T000048382|T000048383|T000048384|T000048385,Multiple incoming counterparties were followed by concentrated outbound movement.,36.000000,MEDIUM,True,83.440000,False,65.220000,False,36,92.000000,79.160000,MEDIUM,Analyst review with customer and counterparty context,scenario=FUNNEL_MULE:92; KYC=36.0; anomaly=83.4; graph=65.2
AL000028,H000028,C001706,A0001772,CIRCULAR_TRANSFER,2026-06-29 12:00:00,2026-06-29 20:00:00,3,620312.620000,3.000000,3.000000,T000048238|T000048239|T000048240,A short internal transfer cycle connected three synthetic customers.,9.000000,LOW,False,89.670000,False,80.850000,True,31,95.000000,79.080000,MEDIUM,Analyst review with customer and counterparty context,scenario=CIRCULAR_TRANSFER:95; KYC=9.0; anomaly=89.7; graph=80.8
AL000029,H000022,C001344,A0001866,CIRCULAR_TRANSFER,2026-06-29 12:00:00,2026-06-29 20:00:00,3,620312.620000,3.000000,3.000000,T000048238|T000048239|T000048240,A short internal transfer cycle connected three synthetic customers.,9.000000,LOW,True,90.220000,False,79.070000,True,30,95.000000,78.980000,MEDIUM,Analyst review with customer and counterparty context,scenario=CIRCULAR_TRANSFER:95; KYC=9.0; anomaly=90.2; graph=79.1
AL000030,H000008,C000536,A0001424,CIRCULAR_TRANSFER,2026-08-15 12:00:00,2026-08-15 18:00:00,3,383314.230000,3.000000,3.000000,T000048393|T000048394|T000048395,A short internal transfer cycle connected three synthetic customers.,17.000000,LOW,False,75.000000,False,85.220000,True,34,95.000000,78.740000,MEDIUM,Analyst review with customer and counterparty context,scenario=CIRCULAR_TRANSFER:95; KYC=17.0; anomaly=75.0; graph=85.2
AL000031,H000014,C000965,A0000234,CIRCULAR_TRANSFER,2026-08-15 12:00:00,2026-08-15 18:00:00,3,383314.230000,3.000000,3.000000,T000048393|T000048394|T000048395,A short internal transfer cycle connected three synthetic customers.,14.000000,LOW,False,83.170000,False,76.970000,True,29,95.000000,78.580000,MEDIUM,Analyst review with customer and counterparty context,scenario=CIRCULAR_TRANSFER:95; KYC=14.0; anomaly=83.2; graph=77.0
AL000032,H000004,C000084,A0000352,CIRCULAR_TRANSFER,2026-08-11 12:00:00,2026-08-11 18:00:00,3,422477.130000,3.000000,3.000000,T000048396|T000048397|T000048398,A short internal transfer cycle connected three synthetic customers.,17.000000,LOW,True,81.110000,False,74.730000,True,30,95.000000,78.550000,MEDIUM,Analyst review with customer and counterparty context,scenario=CIRCULAR_TRANSFER:95; KYC=17.0; anomaly=81.1; graph=74.7
AL000033,H000106,C001542,A0001537,RAPID_MOVEMENT,2026-08-02 14:00:00,2026-08-02 19:00:00,2,1166063.390000,0.928200,0.800000,T000048109|T000048110,Material incoming funds were followed by rapid outbound movement.,48.000000,HIGH,True,99.670000,True,34.900000,False,29,88.000000,77.920000,MEDIUM,Analyst review with customer and counterparty context,scenario=RAPID_MOVEMENT:88; KYC=48.0; anomaly=99.7; graph=34.9
AL000034,H000120,C000847,A0000246,STRUCTURING,2026-07-17 10:00:00,2026-07-18 10:00:00,5,216470.820000,5.000000,5.000000,T000048325|T000048326|T000048327|T000048328|T000048329,Repeated cash inflows clustered below an internal monitoring parameter.,46.000000,HIGH,False,97.610000,True,70.950000,False,49,82.000000,77.320000,MEDIUM,Analyst review with customer and counterparty context,scenario=STRUCTURING:82; KYC=46.0; anomaly=97.6; graph=71.0
AL000035,H000078,C000724,A0000252,HIGH_RISK_GEOGRAPHY,2026-08-09 16:00:00,2026-08-13 16:00:00,2,199673.880000,199673.880000,150000.000000,T000048401|T000048402,Material activity involved a fictitious high-risk test jurisdiction.,50.000000,HIGH,True,99.720000,True,43.230000,False,26,85.000000,77.280000,MEDIUM,Analyst review with customer and counterparty context,scenario=HIGH_RISK_GEOGRAPHY:85; KYC=50.0; anomaly=99.7; graph=43.2
AL000036,H000095,C000549,A0000942,RAPID_MOVEMENT,2026-08-08 13:00:00,2026-08-09 07:05:45,4,761593.410000,0.845400,0.800000,T000048345|T000034513|T000048346|T000023567,Material incoming funds were followed by rapid outbound movement.,24.000000,LOW,False,99.390000,True,63.030000,False,46,88.000000,76.860000,MEDIUM,Analyst review with customer and counterparty context,scenario=RAPID_MOVEMENT:88; KYC=24.0; anomaly=99.4; graph=63.0
AL000037,H000051,C000005,A0000295,FUNNEL_MULE,2026-07-10 09:00:00,2026-07-12 04:26:20,8,497013.710000,6.785600,5.750000,T000048365|T000048366|T000048367|T000048368|T000048369|T000048370|T000048371|T000028945,Multiple incoming counterparties were followed by concentrated outbound movement.,9.000000,LOW,True,95.610000,True,67.920000,False,45,92.000000,76.820000,MEDIUM,Analyst review with customer and counterparty context,scenario=FUNNEL_MULE:92; KYC=9.0; anomaly=95.6; graph=67.9
AL000038,H000110,C001744,A0001141,RAPID_MOVEMENT,2026-06-30 14:00:00,2026-06-30 19:00:00,2,1132039.170000,0.891200,0.800000,T000048103|T000048104,Material incoming funds were followed by rapid outbound movement.,27.000000,LOW,True,99.890000,True,54.990000,False,45,88.000000,76.600000,MEDIUM,Analyst review with customer and counterparty context,scenario=RAPID_MOVEMENT:88; KYC=27.0; anomaly=99.9; graph=55.0
AL000039,H000067,C001729,A0002061,FUNNEL_MULE,2026-06-28 08:00:00,2026-06-29 02:00:00,8,675430.120000,7.840000,5.750000,T000048205|T000048206|T000048207|T000048208|T000048209|T000048210|T000048211|T000048212,Multiple incoming counterparties were followed by concentrated outbound movement.,18.000000,LOW,False,93.220000,False,52.400000,False,29,92.000000,76.370000,MEDIUM,Analyst review with customer and counterparty context,scenario=FUNNEL_MULE:92; KYC=18.0; anomaly=93.2; graph=52.4
AL000040,H000052,C000447,A0001030,FUNNEL_MULE,2026-08-03 07:57:21,2026-08-04 02:00:00,9,713471.410000,7.980400,5.750000,T000032955|T000048133|T000048134|T000048135|T000048136|T000048137|T000048138|T000048139|T000048140,Multiple incoming counterparties were followed by concentrated outbound movement.,9.000000,LOW,False,98.890000,True,55.720000,False,42,92.000000,76.060000,MEDIUM,Analyst review with customer and counterparty context,scenario=FUNNEL_MULE:92; KYC=9.0; anomaly=98.9; graph=55.7
AL000041,H000066,C001595,A0002101,FUNNEL_MULE,2026-07-05 08:00:00,2026-07-06 02:00:00,8,766657.780000,7.840000,5.750000,T000048149|T000048150|T000048151|T000048152|T000048153|T000048154|T000048155|T000048156,Multiple incoming counterparties were followed by concentrated outbound movement.,15.000000,LOW,True,98.220000,True,42.920000,False,21,92.000000,75.640000,MEDIUM,Analyst review with customer and counterparty context,scenario=FUNNEL_MULE:92; KYC=15.0; anomaly=98.2; graph=42.9
AL000042,H000053,C000524,A0001892,FUNNEL_MULE,2026-07-02 09:00:00,2026-07-03 01:00:00,7,527193.290000,6.780000,5.750000,T000048358|T000048359|T000048360|T000048361|T000048362|T000048363|T000048364,Multiple incoming counterparties were followed by concentrated outbound movement.,15.000000,LOW,False,90.330000,False,53.920000,False,34,92.000000,75.640000,MEDIUM,Analyst review with customer and counterparty context,scenario=FUNNEL_MULE:92; KYC=15.0; anomaly=90.3; graph=53.9
AL000043,H000061,C001356,A0000826,FUNNEL_MULE,2026-08-03 09:00:00,2026-08-04 05:35:00,8,557746.210000,7.770100,5.750000,T000048372|T000048373|T000048374|T000048375|T000048376|T000048377|T000048378|T000046483,Multiple incoming counterparties were followed by concentrated outbound movement.,9.000000,LOW,True,89.440000,False,63.060000,False,33,92.000000,75.470000,MEDIUM,Analyst review with customer and counterparty context,scenario=FUNNEL_MULE:92; KYC=9.0; anomaly=89.4; graph=63.1
AL000044,H000062,C001502,A0000358,FUNNEL_MULE,2026-07-29 08:00:00,2026-07-30 02:00:00,8,687772.740000,7.840000,5.750000,T000048197|T000048198|T000048199|T000048200|T000048201|T000048202|T000048203|T000048204,Multiple incoming counterparties were followed by concentrated outbound movement.,15.000000,LOW,True,96.670000,True,42.510000,False,41,92.000000,75.380000,MEDIUM,Analyst review with customer and counterparty context,scenario=FUNNEL_MULE:92; KYC=15.0; anomaly=96.7; graph=42.5
AL000045,H000093,C000446,A0000221,RAPID_MOVEMENT,2026-07-13 14:00:00,2026-07-14 13:25:17,3,464152.720000,0.884200,0.800000,T000048105|T000048106|T000011393,Material incoming funds were followed by rapid outbound movement.,9.000000,LOW,True,97.440000,True,67.460000,False,38,88.000000,74.630000,MEDIUM,Analyst review with customer and counterparty context,scenario=RAPID_MOVEMENT:88; KYC=9.0; anomaly=97.4; graph=67.5
AL000046,H000096,C000631,A0000146,RAPID_MOVEMENT,2026-07-13 13:00:00,2026-07-14 04:08:38,3,720047.930000,0.840000,0.800000,T000048337|T000048338|T000019656,Material incoming funds were followed by rapid outbound movement.,17.000000,LOW,False,93.000000,False,59.910000,False,36,88.000000,74.530000,MEDIUM,Analyst review with customer and counterparty context,scenario=RAPID_MOVEMENT:88; KYC=17.0; anomaly=93.0; graph=59.9
AL000047,H000060,C001328,A0001776,FUNNEL_MULE,2026-07-01 08:00:00,2026-07-02 02:00:00,8,634363.790000,7.840000,5.750000,T000048213|T000048214|T000048215|T000048216|T000048217|T000048218|T000048219|T000048220,Multiple incoming counterparties were followed by concentrated outbound movement.,20.000000,LOW,True,97.000000,True,24.930000,False,22,92.000000,74.470000,MEDIUM,Analyst review with customer and counterparty context,scenario=FUNNEL_MULE:92; KYC=20.0; anomaly=97.0; graph=24.9
AL000048,H000092,C000390,A0001003,RAPID_MOVEMENT,2026-06-23 14:00:00,2026-06-23 19:00:00,2,998242.080000,0.895500,0.800000,T000048111|T000048112,Material incoming funds were followed by rapid outbound movement.,26.000000,LOW,True,95.780000,True,40.450000,False,27,88.000000,74.410000,MEDIUM,Analyst review with customer and counterparty context,scenario=RAPID_MOVEMENT:88; KYC=26.0; anomaly=95.8; graph=40.5
AL000049,H000091,C000359,A0001123,RAPID_MOVEMENT,2026-08-04 13:00:00,2026-08-04 21:00:00,2,598174.580000,0.840000,0.800000,T000048343|T000048344,Material incoming funds were followed by rapid outbound movement.,13.000000,LOW,False,92.440000,False,63.370000,False,35,88.000000,74.160000,MEDIUM,Analyst review with customer and counterparty context,scenario=RAPID_MOVEMENT:88; KYC=13.0; anomaly=92.4; graph=63.4
AL000050,H000055,C001008,A0001902,FUNNEL_MULE,2026-07-26 09:00:00,2026-07-27 01:00:00,7,550814.980000,6.780000,5.750000,T000048351|T000048352|T000048353|T000048354|T000048355|T000048356|T000048357,Multiple incoming counterparties were followed by concentrated outbound movement.,15.000000,LOW,True,91.330000,False,37.110000,False,31,92.000000,74.100000,MEDIUM,Analyst review with customer and counterparty context,scenario=FUNNEL_MULE:92; KYC=15.0; anomaly=91.3; graph=37.1
AL000051,H000099,C001027,A0002191,RAPID_MOVEMENT,2026-07-12 14:00:00,2026-07-12 19:00:00,2,406364.920000,0.862700,0.800000,T000048117|T000048118,Material incoming funds were followed by rapid outbound movement.,20.000000,LOW,True,94.940000,False,47.280000,False,38,88.000000,74.020000,MEDIUM,Analyst review with customer and counterparty context,scenario=RAPID_MOVEMENT:88; KYC=20.0; anomaly=94.9; graph=47.3
AL000052,H000109,C001725,A0000651,RAPID_MOVEMENT,2026-07-04 14:00:00,2026-07-04 19:00:00,2,537565.900000,0.899000,0.800000,T000048091|T000048092,Material incoming funds were followed by rapid outbound movement.,36.000000,MEDIUM,True,88.780000,False,28.780000,False,27,88.000000,73.870000,MEDIUM,Analyst review with customer and counterparty context,scenario=RAPID_MOVEMENT:88; KYC=36.0; anomaly=88.8; graph=28.8
AL000053,H000087,C001597,A0001693,HIGH_RISK_GEOGRAPHY,2026-08-01 15:00:00,2026-08-07 15:00:00,3,307533.660000,307533.660000,150000.000000,T000048292|T000048293|T000048294,Material activity involved a fictitious high-risk test jurisdiction.,27.000000,LOW,False,95.330000,True,49.360000,False,44,85.000000,73.600000,MEDIUM,Analyst review with customer and counterparty context,scenario=HIGH_RISK_GEOGRAPHY:85; KYC=27.0; anomaly=95.3; graph=49.4
AL000054,H000097,C000799,A0002065,RAPID_MOVEMENT,2026-07-04 14:00:00,2026-07-04 19:00:00,2,690742.770000,0.872900,0.800000,T000048119|T000048120,Material incoming funds were followed by rapid outbound movement.,15.000000,LOW,False,93.440000,False,53.220000,False,30,88.000000,73.600000,MEDIUM,Analyst review with customer and counterparty context,scenario=RAPID_MOVEMENT:88; KYC=15.0; anomaly=93.4; graph=53.2
AL000055,H000065,C001564,A0000571,FUNNEL_MULE,2026-07-09 10:00:00,2026-07-11 09:51:30,11,705458.790000,9.839800,5.750000,T000048190|T000048191|T000048192|T000048193|T000048194|T000048195|T000048196|T000046688|T000040204|T000046737|T000004367,Multiple incoming counterparties were followed by concentrated outbound movement.,15.000000,LOW,True,91.560000,False,28.380000,False,27,92.000000,73.260000,MEDIUM,Analyst review with customer and counterparty context,scenario=FUNNEL_MULE:92; KYC=15.0; anomaly=91.6; graph=28.4
AL000056,H000085,C001376,A0000627,HIGH_RISK_GEOGRAPHY,2026-07-31 16:00:00,2026-08-04 16:00:00,2,203045.670000,203045.670000,150000.000000,T000048409|T000048410,Material activity involved a fictitious high-risk test jurisdiction.,15.000000,LOW,False,98.670000,True,60.030000,False,38,85.000000,73.220000,MEDIUM,Analyst review with customer and counterparty context,scenario=HIGH_RISK_GEOGRAPHY:85; KYC=15.0; anomaly=98.7; graph=60.0
AL000057,H000056,C001106,A0001983,FUNNEL_MULE,2026-07-08 08:00:00,2026-07-09 03:38:55,9,723034.160000,8.829300,5.750000,T000048173|T000048174|T000048175|T000048176|T000048177|T000048178|T000048179|T000048180|T000032221,Multiple incoming counterparties were followed by concentrated outbound movement.,15.000000,LOW,True,95.720000,True,21.110000,False,24,92.000000,73.110000,MEDIUM,Analyst review with customer and counterparty context,scenario=FUNNEL_MULE:92; KYC=15.0; anomaly=95.7; graph=21.1
AL000058,H000094,C000474,A0002071,RAPID_MOVEMENT,2026-07-16 13:00:00,2026-07-16 21:00:00,2,747223.080000,0.840000,0.800000,T000048341|T000048342,Material incoming funds were followed by rapid outbound movement.,15.000000,LOW,True,96.280000,True,43.550000,False,28,88.000000,73.030000,MEDIUM,Analyst review with customer and counterparty context,scenario=RAPID_MOVEMENT:88; KYC=15.0; anomaly=96.3; graph=43.5
AL000059,H000107,C001558,A0000509,RAPID_MOVEMENT,2026-07-23 14:00:00,2026-07-23 19:00:00,2,1080962.190000,0.846700,0.800000,T000048115|T000048116,Material incoming funds were followed by rapid outbound movement.,15.000000,LOW,True,98.720000,True,39.110000,False,26,88.000000,72.930000,MEDIUM,Analyst review with customer and counterparty context,scenario=RAPID_MOVEMENT:88; KYC=15.0; anomaly=98.7; graph=39.1
AL000060,H000068,C000117,A0000984,HIGH_RISK_GEOGRAPHY,2026-08-07 15:00:00,2026-08-13 15:00:00,3,335145.940000,335145.940000,150000.000000,T000048265|T000048266|T000048267,Material activity involved a fictitious high-risk test jurisdiction.,15.000000,LOW,True,99.220000,True,55.990000,False,36,85.000000,72.890000,MEDIUM,Analyst review with customer and counterparty context,scenario=HIGH_RISK_GEOGRAPHY:85; KYC=15.0; anomaly=99.2; graph=56.0
AL000061,H000101,C001325,A0000206,RAPID_MOVEMENT,2026-07-31 14:00:00,2026-07-31 19:00:00,2,1077198.980000,0.864100,0.800000,T000048107|T000048108,Material incoming funds were followed by rapid outbound movement.,9.000000,LOW,True,98.390000,True,48.570000,False,28,88.000000,72.870000,MEDIUM,Analyst review with customer and counterparty context,scenario=RAPID_MOVEMENT:88; KYC=9.0; anomaly=98.4; graph=48.6
AL000062,H000089,C000205,A0000546,RAPID_MOVEMENT,2026-06-26 13:00:00,2026-06-26 21:00:00,3,295220.400000,0.840000,0.800000,T000048339|T000045273|T000048340,Material incoming funds were followed by rapid outbound movement.,12.000000,LOW,True,94.440000,False,46.830000,False,34,88.000000,72.620000,MEDIUM,Analyst review with customer and counterparty context,scenario=RAPID_MOVEMENT:88; KYC=12.0; anomaly=94.4; graph=46.8
AL000063,H000057,C001138,A0001524,FUNNEL_MULE,2026-07-18 09:00:00,2026-07-19 01:00:00,7,531992.410000,6.780000,5.750000,T000048386|T000048387|T000048388|T000048389|T000048390|T000048391|T000048392,Multiple incoming counterparties were followed by concentrated outbound movement.,9.000000,LOW,False,97.330000,True,22.750000,False,23,92.000000,72.540000,MEDIUM,Analyst review with customer and counterparty context,scenario=FUNNEL_MULE:92; KYC=9.0; anomaly=97.3; graph=22.8
AL000064,H000063,C001506,A0001342,FUNNEL_MULE,2026-07-04 08:00:00,2026-07-05 02:00:00,9,657535.910000,7.842000,5.750000,T000048221|T000048222|T000048223|T000048224|T000048225|T000048226|T000034892|T000048227|T000048228,Multiple incoming counterparties were followed by concentrated outbound movement.,17.000000,LOW,False,94.560000,False,13.770000,False,21,92.000000,72.540000,MEDIUM,Analyst review with customer and counterparty context,scenario=FUNNEL_MULE:92; KYC=17.0; anomaly=94.6; graph=13.8
AL000065,H000079,C000736,A0002020,HIGH_RISK_GEOGRAPHY,2026-08-16 16:00:00,2026-08-20 16:00:00,2,211183.300000,211183.300000,150000.000000,T000048399|T000048400,Material activity involved a fictitious high-risk test jurisdiction.,16.000000,LOW,True,97.500000,True,52.990000,False,32,85.000000,72.510000,MEDIUM,Analyst review with customer and counterparty context,scenario=HIGH_RISK_GEOGRAPHY:85; KYC=16.0; anomaly=97.5; graph=53.0
AL000066,H000111,C001769,A0000185,RAPID_MOVEMENT,2026-08-04 14:00:00,2026-08-04 19:00:00,2,457970.000000,0.922200,0.800000,T000048101|T000048102,Material incoming funds were followed by rapid outbound movement.,28.000000,MEDIUM,False,88.000000,False,28.890000,False,25,88.000000,72.490000,MEDIUM,Analyst review with customer and counterparty context,scenario=RAPID_MOVEMENT:88; KYC=28.0; anomaly=88.0; graph=28.9
AL000067,H000084,C001043,A0001149,HIGH_RISK_GEOGRAPHY,2026-07-24 15:00:00,2026-07-30 15:00:00,3,340061.720000,340061.720000,150000.000000,T000048274|T000048275|T000048276,Material activity involved a fictitious high-risk test jurisdiction.,33.000000,MEDIUM,True,96.830000,True,25.870000,False,26,85.000000,72.420000,MEDIUM,Analyst review with customer and counterparty context,scenario=HIGH_RISK_GEOGRAPHY:85; KYC=33.0; anomaly=96.8; graph=25.9
AL000068,H000088,C001743,A0000218,HIGH_RISK_GEOGRAPHY,2026-08-17 15:00:00,2026-08-23 15:00:00,3,246732.640000,246732.640000,150000.000000,T000048268|T000048269|T000048270,Material activity involved a fictitious high-risk test jurisdiction.,9.000000,LOW,True,97.670000,True,61.750000,False,42,85.000000,72.290000,MEDIUM,Analyst review with customer and counterparty context,scenario=HIGH_RISK_GEOGRAPHY:85; KYC=9.0; anomaly=97.7; graph=61.8
AL000069,H000073,C000496,A0001004,HIGH_RISK_GEOGRAPHY,2026-07-30 15:00:00,2026-08-05 15:00:00,3,301447.790000,301447.790000,150000.000000,T000048256|T000048257|T000048258,Material activity involved a fictitious high-risk test jurisdiction.,14.000000,LOW,False,99.940000,True,49.440000,False,54,85.000000,72.180000,MEDIUM,Analyst review with customer and counterparty context,scenario=HIGH_RISK_GEOGRAPHY:85; KYC=14.0; anomaly=99.9; graph=49.4
AL000070,H000090,C000344,A0001480,RAPID_MOVEMENT,2026-06-16 14:00:00,2026-06-16 19:00:00,2,400101.010000,0.902500,0.800000,T000048113|T000048114,Material incoming funds were followed by rapid outbound movement.,15.000000,LOW,True,96.500000,True,34.500000,False,26,88.000000,72.160000,MEDIUM,Analyst review with customer and counterparty context,scenario=RAPID_MOVEMENT:88; KYC=15.0; anomaly=96.5; graph=34.5
AL000071,H000102,C001391,A0001721,RAPID_MOVEMENT,2026-06-26 13:00:00,2026-06-26 21:00:00,2,468087.080000,0.840000,0.800000,T000048335|T000048336,Material incoming funds were followed by rapid outbound movement.,9.000000,LOW,True,95.830000,True,44.900000,False,31,88.000000,72.150000,MEDIUM,Analyst review with customer and counterparty context,scenario=RAPID_MOVEMENT:88; KYC=9.0; anomaly=95.8; graph=44.9
AL000072,H000133,C001761,A0000275,STRUCTURING,2026-08-04 10:00:00,2026-08-05 10:00:00,5,211096.290000,5.000000,5.000000,T000048315|T000048316|T000048317|T000048318|T000048319,Repeated cash inflows clustered below an internal monitoring parameter.,32.000000,MEDIUM,False,98.440000,True,39.420000,False,45,82.000000,72.040000,MEDIUM,Analyst review with customer and counterparty context,scenario=STRUCTURING:82; KYC=32.0; anomaly=98.4; graph=39.4
AL000073,H000072,C000162,A0000670,HIGH_RISK_GEOGRAPHY,2026-08-05 15:00:00,2026-08-11 15:00:00,3,390754.750000,390754.750000,150000.000000,T000048277|T000048278|T000048279,Material activity involved a fictitious high-risk test jurisdiction.,15.000000,LOW,True,98.060000,True,48.760000,False,29,85.000000,72.000000,MEDIUM,Analyst review with customer and counterparty context,scenario=HIGH_RISK_GEOGRAPHY:85; KYC=15.0; anomaly=98.1; graph=48.8
AL000074,H000041,C001133,A0000621,DORMANT_REACTIVATION,2026-08-12 17:00:00,2026-08-12 17:00:00,1,419739.210000,419739.210000,100000.000000,T000048131,A dormant-designated account recorded material new activity.,48.000000,HIGH,False,96.220000,True,52.050000,False,29,76.000000,71.960000,MEDIUM,Analyst review with customer and counterparty context,scenario=DORMANT_REACTIVATION:76; KYC=48.0; anomaly=96.2; graph=52.0
AL000075,H000044,C001219,A0001598,DORMANT_REACTIVATION,2026-07-24 17:00:00,2026-07-24 17:00:00,1,405079.850000,405079.850000,100000.000000,T000048128,A dormant-designated account recorded material new activity.,45.000000,HIGH,False,96.890000,True,55.730000,False,31,76.000000,71.940000,MEDIUM,Analyst review with customer and counterparty context,scenario=DORMANT_REACTIVATION:76; KYC=45.0; anomaly=96.9; graph=55.7
AL000076,H000080,C000749,A0001243,HIGH_RISK_GEOGRAPHY,2026-07-31 16:00:00,2026-08-04 16:00:00,2,202811.980000,202811.980000,150000.000000,T000048407|T000048408,Material activity involved a fictitious high-risk test jurisdiction.,23.000000,LOW,True,95.670000,True,38.190000,False,31,85.000000,71.890000,MEDIUM,Analyst review with customer and counterparty context,scenario=HIGH_RISK_GEOGRAPHY:85; KYC=23.0; anomaly=95.7; graph=38.2
AL000077,H000127,C001426,A0001450,STRUCTURING,2026-06-28 06:00:00,2026-06-29 07:00:00,6,282469.140000,6.000000,5.000000,T000048079|T000048080|T000048081|T000048082|T000048083|T000048084,Repeated cash inflows clustered below an internal monitoring parameter.,20.000000,LOW,True,97.280000,True,56.950000,False,35,82.000000,71.710000,MEDIUM,Analyst review with customer and counterparty context,scenario=STRUCTURING:82; KYC=20.0; anomaly=97.3; graph=57.0
AL000078,H000130,C001477,A0001107,STRUCTURING,2026-06-12 10:00:00,2026-06-13 10:00:00,5,219044.400000,5.000000,5.000000,T000048320|T000048321|T000048322|T000048323|T000048324,Repeated cash inflows clustered below an internal monitoring parameter.,40.000000,MEDIUM,False,83.220000,False,43.580000,False,27,82.000000,71.610000,MEDIUM,Analyst review with customer and counterparty context,scenario=STRUCTURING:82; KYC=40.0; anomaly=83.2; graph=43.6
AL000079,H000075,C000586,A0000183,HIGH_RISK_GEOGRAPHY,2026-08-01 15:00:00,2026-08-07 15:00:00,3,327094.930000,327094.930000,150000.000000,T000048262|T000048263|T000048264,Material activity involved a fictitious high-risk test jurisdiction.,9.000000,LOW,False,99.110000,True,52.650000,False,37,85.000000,71.580000,MEDIUM,Analyst review with customer and counterparty context,scenario=HIGH_RISK_GEOGRAPHY:85; KYC=9.0; anomaly=99.1; graph=52.6
AL000080,H000064,C001540,A0000431,FUNNEL_MULE,2026-08-04 08:00:00,2026-08-05 20:33:24,9,676208.940000,7.846700,5.750000,T000048157|T000048158|T000048159|T000048160|T000048161|T000048162|T000048163|T000048164|T000045165,Multiple incoming counterparties were followed by concentrated outbound movement.,15.000000,LOW,True,94.060000,False,7.890000,False,17,92.000000,71.560000,MEDIUM,Analyst review with customer and counterparty context,scenario=FUNNEL_MULE:92; KYC=15.0; anomaly=94.1; graph=7.9
AL000081,H000059,C001184,A0001887,FUNNEL_MULE,2026-08-03 08:00:00,2026-08-04 02:00:00,8,711529.250000,7.840000,5.750000,T000048165|T000048166|T000048167|T000048168|T000048169|T000048170|T000048171|T000048172,Multiple incoming counterparties were followed by concentrated outbound movement.,15.000000,LOW,False,91.280000,False,11.440000,False,22,92.000000,71.520000,MEDIUM,Analyst review with customer and counterparty context,scenario=FUNNEL_MULE:92; KYC=15.0; anomaly=91.3; graph=11.4
AL000082,H000086,C001546,A0001890,HIGH_RISK_GEOGRAPHY,2026-08-02 15:00:00,2026-08-08 15:00:00,3,288863.120000,288863.120000,150000.000000,T000048283|T000048284|T000048285,Material activity involved a fictitious high-risk test jurisdiction.,12.000000,LOW,False,98.500000,True,44.640000,False,28,85.000000,71.170000,MEDIUM,Analyst review with customer and counterparty context,scenario=HIGH_RISK_GEOGRAPHY:85; KYC=12.0; anomaly=98.5; graph=44.6
AL000083,H000115,C000464,A0001562,STRUCTURING,2026-07-06 06:00:00,2026-07-07 07:00:00,6,284401.080000,6.000000,5.000000,T000048025|T000048026|T000048027|T000048028|T000048029|T000048030,Repeated cash inflows clustered below an internal monitoring parameter.,27.000000,LOW,False,92.720000,False,46.050000,False,33,82.000000,71.110000,MEDIUM,Analyst review with customer and counterparty context,scenario=STRUCTURING:82; KYC=27.0; anomaly=92.7; graph=46.0
AL000084,H000123,C000973,A0000582,STRUCTURING,2026-06-30 06:00:00,2026-07-01 07:00:00,6,281708.200000,6.000000,5.000000,T000048019|T000048020|T000048021|T000048022|T000048023|T000048024,Repeated cash inflows clustered below an internal monitoring parameter.,23.000000,LOW,False,98.170000,True,44.090000,False,34,82.000000,71.030000,MEDIUM,Analyst review with customer and counterparty context,scenario=STRUCTURING:82; KYC=23.0; anomaly=98.2; graph=44.1
AL000085,H000129,C001473,A0000533,STRUCTURING,2026-08-04 06:00:00,2026-08-05 07:00:00,6,277294.670000,6.000000,5.000000,T000048013|T000048014|T000048015|T000048016|T000048017|T000048018,Repeated cash inflows clustered below an internal monitoring parameter.,15.000000,LOW,True,95.500000,True,59.520000,False,42,82.000000,70.920000,MEDIUM,Analyst review with customer and counterparty context,scenario=STRUCTURING:82; KYC=15.0; anomaly=95.5; graph=59.5
AL000086,H000049,C001665,A0001523,DORMANT_REACTIVATION,2026-08-08 17:00:00,2026-08-08 17:00:00,1,380533.380000,380533.380000,100000.000000,T000048124,A dormant-designated account recorded material new activity.,30.000000,MEDIUM,True,99.780000,True,65.430000,False,54,76.000000,70.910000,MEDIUM,Analyst review with customer and counterparty context,scenario=DORMANT_REACTIVATION:76; KYC=30.0; anomaly=99.8; graph=65.4
AL000087,H000103,C001507,A0000354,RAPID_MOVEMENT,2026-08-14 14:00:00,2026-08-14 19:00:00,2,704132.860000,0.912600,0.800000,T000048095|T000048096,Material incoming funds were followed by rapid outbound movement.,9.000000,LOW,True,95.220000,True,32.930000,False,25,88.000000,70.860000,MEDIUM,Analyst review with customer and counterparty context,scenario=RAPID_MOVEMENT:88; KYC=9.0; anomaly=95.2; graph=32.9
AL000088,H000069,C000128,A0001974,HIGH_RISK_GEOGRAPHY,2026-07-29 15:00:00,2026-08-04 15:00:00,3,314814.540000,314814.540000,150000.000000,T000048259|T000048260|T000048261,Material activity involved a fictitious high-risk test jurisdiction.,23.000000,LOW,False,97.060000,True,25.920000,False,25,85.000000,70.860000,MEDIUM,Analyst review with customer and counterparty context,scenario=HIGH_RISK_GEOGRAPHY:85; KYC=23.0; anomaly=97.1; graph=25.9
AL000089,H000043,C001180,A0001533,DORMANT_REACTIVATION,2026-07-04 12:00:00,2026-07-04 12:00:00,1,150907.310000,150907.310000,100000.000000,T000048235,A dormant-designated account recorded material new activity.,33.000000,MEDIUM,True,99.000000,True,60.740000,True,16,76.000000,70.810000,MEDIUM,Analyst review with customer and counterparty context,scenario=DORMANT_REACTIVATION:76; KYC=33.0; anomaly=99.0; graph=60.7
AL000090,H000058,C001156,A0000554,FUNNEL_MULE,2026-07-24 08:00:00,2026-07-25 05:58:10,11,672835.700000,7.851700,5.750000,T000048141|T000023795|T000003235|T000048142|T000048143|T000048144|T000048145|T000048146|T000048147|T000048148|T000033046,Multiple incoming counterparties were followed by concentrated outbound movement.,9.000000,LOW,True,95.280000,True,7.470000,False,18,92.000000,70.730000,MEDIUM,Analyst review with customer and counterparty context,scenario=FUNNEL_MULE:92; KYC=9.0; anomaly=95.3; graph=7.5
AL000091,H000104,C001518,A0001833,RAPID_MOVEMENT,2026-07-26 14:00:00,2026-07-26 19:00:00,2,408334.360000,0.887900,0.800000,T000048093|T000048094,Material incoming funds were followed by rapid outbound movement.,9.000000,LOW,False,82.110000,False,49.720000,False,30,88.000000,70.710000,MEDIUM,Analyst review with customer and counterparty context,scenario=RAPID_MOVEMENT:88; KYC=9.0; anomaly=82.1; graph=49.7
AL000092,H000081,C000896,A0001536,HIGH_RISK_GEOGRAPHY,2026-08-07 15:00:00,2026-08-13 15:00:00,3,337903.480000,337903.480000,150000.000000,T000048286|T000048287|T000048288,Material activity involved a fictitious high-risk test jurisdiction.,20.000000,LOW,False,99.610000,True,24.640000,False,22,85.000000,70.610000,MEDIUM,Analyst review with customer and counterparty context,scenario=HIGH_RISK_GEOGRAPHY:85; KYC=20.0; anomaly=99.6; graph=24.6
AL000093,H000074,C000505,A0000757,HIGH_RISK_GEOGRAPHY,2026-07-28 15:00:00,2026-08-03 15:00:00,3,305187.100000,305187.100000,150000.000000,T000048280|T000048281|T000048282,Material activity involved a fictitious high-risk test jurisdiction.,8.000000,LOW,True,95.060000,True,50.190000,False,38,85.000000,70.610000,MEDIUM,Analyst review with customer and counterparty context,scenario=HIGH_RISK_GEOGRAPHY:85; KYC=8.0; anomaly=95.1; graph=50.2
AL000094,H000128,C001451,A0002184,STRUCTURING,2026-07-14 06:00:00,2026-07-15 07:00:00,6,274082.740000,6.000000,5.000000,T000048031|T000048032|T000048033|T000048034|T000048035|T000048036,Repeated cash inflows clustered below an internal monitoring parameter.,22.000000,LOW,True,95.890000,True,42.730000,False,28,82.000000,70.420000,MEDIUM,Analyst review with customer and counterparty context,scenario=STRUCTURING:82; KYC=22.0; anomaly=95.9; graph=42.7
AL000095,H000071,C000153,A0001525,HIGH_RISK_GEOGRAPHY,2026-08-05 16:00:00,2026-08-09 16:00:00,2,182364.660000,182364.660000,150000.000000,T000048403|T000048404,Material activity involved a fictitious high-risk test jurisdiction.,29.000000,MEDIUM,True,100.000000,True,7.580000,False,10,85.000000,70.400000,MEDIUM,Analyst review with customer and counterparty context,scenario=HIGH_RISK_GEOGRAPHY:85; KYC=29.0; anomaly=100.0; graph=7.6
AL000096,H000124,C001169,A0000258,STRUCTURING,2026-07-26 06:00:00,2026-07-27 07:00:00,6,274632.790000,6.000000,5.000000,T000048049|T000048050|T000048051|T000048052|T000048053|T000048054,Repeated cash inflows clustered below an internal monitoring parameter.,17.000000,LOW,True,93.390000,False,53.520000,False,31,82.000000,70.350000,MEDIUM,Analyst review with customer and counterparty context,scenario=STRUCTURING:82; KYC=17.0; anomaly=93.4; graph=53.5
AL000097,H000122,C000960,A0000555,STRUCTURING,2026-07-06 06:00:00,2026-07-07 07:00:00,6,279486.920000,6.000000,5.000000,T000048067|T000048068|T000048069|T000048070|T000048071|T000048072,Repeated cash inflows clustered below an internal monitoring parameter.,22.000000,LOW,True,92.560000,False,46.760000,False,37,82.000000,70.350000,MEDIUM,Analyst review with customer and counterparty context,scenario=STRUCTURING:82; KYC=22.0; anomaly=92.6; graph=46.8
AL000098,H000108,C001700,A0000786,RAPID_MOVEMENT,2026-06-21 14:00:00,2026-06-21 19:00:00,3,840951.370000,0.933300,0.800000,T000048097|T000022919|T000048098,Material incoming funds were followed by rapid outbound movement.,17.000000,LOW,False,95.390000,True,14.720000,False,25,88.000000,70.350000,MEDIUM,Analyst review with customer and counterparty context,scenario=RAPID_MOVEMENT:88; KYC=17.0; anomaly=95.4; graph=14.7
AL000099,H000083,C001026,A0000190,HIGH_RISK_GEOGRAPHY,2026-08-09 15:00:00,2026-08-15 15:00:00,3,327017.230000,327017.230000,150000.000000,T000048271|T000048272|T000048273,Material activity involved a fictitious high-risk test jurisdiction.,20.000000,LOW,True,99.170000,True,22.480000,False,16,85.000000,70.330000,MEDIUM,Analyst review with customer and counterparty context,scenario=HIGH_RISK_GEOGRAPHY:85; KYC=20.0; anomaly=99.2; graph=22.5
AL000100,H000036,C000626,A0000609,DORMANT_REACTIVATION,2026-08-14 12:00:00,2026-08-14 12:00:00,1,270536.740000,270536.740000,100000.000000,T000048232,A dormant-designated account recorded material new activity.,23.000000,LOW,True,93.830000,False,79.010000,True,30,76.000000,70.320000,MEDIUM,Analyst review with customer and counterparty context,scenario=DORMANT_REACTIVATION:76; KYC=23.0; anomaly=93.8; graph=79.0
AL000101,H000077,C000621,A0000389,HIGH_RISK_GEOGRAPHY,2026-07-30 15:00:00,2026-08-05 15:00:00,3,303141.250000,303141.250000,150000.000000,T000048253|T000048254|T000048255,Material activity involved a fictitious high-risk test jurisdiction.,15.000000,LOW,False,98.280000,True,30.690000,False,26,85.000000,70.230000,MEDIUM,Analyst review with customer and counterparty context,scenario=HIGH_RISK_GEOGRAPHY:85; KYC=15.0; anomaly=98.3; graph=30.7
AL000102,H000105,C001529,A0002139,RAPID_MOVEMENT,2026-07-09 13:00:00,2026-07-09 21:00:00,2,283951.210000,0.840000,0.800000,T000048349|T000048350,Material incoming funds were followed by rapid outbound movement.,17.000000,LOW,False,78.610000,False,36.420000,False,25,88.000000,70.170000,MEDIUM,Analyst review with customer and counterparty context,scenario=RAPID_MOVEMENT:88; KYC=17.0; anomaly=78.6; graph=36.4
AL000103,H000082,C001017,A0001434,HIGH_RISK_GEOGRAPHY,2026-08-14 15:00:00,2026-08-20 15:00:00,3,361205.040000,361205.040000,150000.000000,T000048289|T000048290|T000048291,Material activity involved a fictitious high-risk test jurisdiction.,15.000000,LOW,True,97.560000,True,30.710000,False,31,85.000000,70.130000,MEDIUM,Analyst review with customer and counterparty context,scenario=HIGH_RISK_GEOGRAPHY:85; KYC=15.0; anomaly=97.6; graph=30.7
AL000104,H000076,C000589,A0000724,HIGH_RISK_GEOGRAPHY,2026-08-03 16:00:00,2026-08-07 16:00:00,2,192498.120000,192498.120000,150000.000000,T000048405|T000048406,Material activity involved a fictitious high-risk test jurisdiction.,9.000000,LOW,False,91.220000,False,48.900000,False,28,85.000000,70.100000,MEDIUM,Analyst review with customer and counterparty context,scenario=HIGH_RISK_GEOGRAPHY:85; KYC=9.0; anomaly=91.2; graph=48.9
AL000105,H000039,C000956,A0000266,DORMANT_REACTIVATION,2026-07-24 17:00:00,2026-07-24 17:00:00,1,218550.690000,218550.690000,100000.000000,T000048121,A dormant-designated account recorded material new activity.,40.000000,MEDIUM,True,95.170000,True,39.790000,False,18,76.000000,69.300000,MEDIUM,Analyst review with customer and counterparty context,scenario=DORMANT_REACTIVATION:76; KYC=40.0; anomaly=95.2; graph=39.8
AL000106,H000046,C001446,A0000019,DORMANT_REACTIVATION,2026-07-28 17:00:00,2026-07-28 17:00:00,1,445793.600000,445793.600000,100000.000000,T000048127,A dormant-designated account recorded material new activity.,24.000000,LOW,True,93.940000,False,66.670000,False,37,76.000000,69.260000,MEDIUM,Analyst review with customer and counterparty context,scenario=DORMANT_REACTIVATION:76; KYC=24.0; anomaly=93.9; graph=66.7
AL000107,H000126,C001424,A0000499,STRUCTURING,2026-07-12 10:00:00,2026-07-13 10:00:00,5,221913.210000,5.000000,5.000000,T000048295|T000048296|T000048297|T000048298|T000048299,Repeated cash inflows clustered below an internal monitoring parameter.,9.000000,LOW,False,98.830000,True,45.920000,False,54,82.000000,69.070000,MEDIUM,Analyst review with customer and counterparty context,scenario=STRUCTURING:82; KYC=9.0; anomaly=98.8; graph=45.9
AL000108,H000045,C001284,A0000319,DORMANT_REACTIVATION,2026-07-13 20:00:00,2026-07-13 20:00:00,1,217013.670000,217013.670000,100000.000000,T000048246,A dormant-designated account recorded material new activity.,12.000000,LOW,False,99.500000,True,75.160000,True,28,76.000000,68.970000,MEDIUM,Analyst review with customer and counterparty context,scenario=DORMANT_REACTIVATION:76; KYC=12.0; anomaly=99.5; graph=75.2
AL000109,H000070,C000150,A0000626,HIGH_RISK_GEOGRAPHY,2026-08-04 16:00:00,2026-08-08 16:00:00,2,197013.180000,197013.180000,150000.000000,T000048411|T000048412,Material activity involved a fictitious high-risk test jurisdiction.,17.000000,LOW,False,92.780000,False,22.080000,False,27,85.000000,68.920000,MEDIUM,Analyst review with customer and counterparty context,scenario=HIGH_RISK_GEOGRAPHY:85; KYC=17.0; anomaly=92.8; graph=22.1
AL000110,H000112,C000059,A0002162,STRUCTURING,2026-07-12 06:00:00,2026-07-13 07:00:00,6,281012.530000,6.000000,5.000000,T000048001|T000048002|T000048003|T000048004|T000048005|T000048006,Repeated cash inflows clustered below an internal monitoring parameter.,12.000000,LOW,True,97.780000,True,38.500000,False,29,82.000000,68.660000,MEDIUM,Analyst review with customer and counterparty context,scenario=STRUCTURING:82; KYC=12.0; anomaly=97.8; graph=38.5
AL000111,H000132,C001712,A0001167,STRUCTURING,2026-06-26 06:00:00,2026-06-27 07:00:00,6,278804.660000,6.000000,5.000000,T000048007|T000048008|T000048009|T000048010|T000048011|T000048012,Repeated cash inflows clustered below an internal monitoring parameter.,23.000000,LOW,False,95.940000,True,21.310000,False,28,82.000000,68.440000,MEDIUM,Analyst review with customer and counterparty context,scenario=STRUCTURING:82; KYC=23.0; anomaly=95.9; graph=21.3
AL000112,H000114,C000362,A0000425,STRUCTURING,2026-07-08 06:00:00,2026-07-09 07:00:00,6,280974.200000,6.000000,5.000000,T000048055|T000048056|T000048057|T000048058|T000048059|T000048060,Repeated cash inflows clustered below an internal monitoring parameter.,31.000000,MEDIUM,False,88.170000,False,16.650000,False,21,82.000000,68.170000,MEDIUM,Analyst review with customer and counterparty context,scenario=STRUCTURING:82; KYC=31.0; anomaly=88.2; graph=16.6
AL000113,H000100,C001111,A0001482,RAPID_MOVEMENT,2026-07-25 13:00:00,2026-07-25 21:00:00,3,385469.490000,0.840000,0.800000,T000048347|T000018583|T000048348,Material incoming funds were followed by rapid outbound movement.,15.000000,LOW,False,81.830000,False,14.360000,False,21,88.000000,68.090000,MEDIUM,Analyst review with customer and counterparty context,scenario=RAPID_MOVEMENT:88; KYC=15.0; anomaly=81.8; graph=14.4
AL000114,H000121,C000910,A0000379,STRUCTURING,2026-07-09 06:00:00,2026-07-10 07:00:00,6,277500.200000,6.000000,5.000000,T000048073|T000048074|T000048075|T000048076|T000048077|T000048078,Repeated cash inflows clustered below an internal monitoring parameter.,15.000000,LOW,False,91.830000,False,35.220000,False,34,82.000000,67.980000,MEDIUM,Analyst review with customer and counterparty context,scenario=STRUCTURING:82; KYC=15.0; anomaly=91.8; graph=35.2
AL000115,H000035,C000389,A0001775,DORMANT_REACTIVATION,2026-07-09 12:00:00,2026-07-09 12:00:00,1,143149.760000,143149.760000,100000.000000,T000048241,A dormant-designated account recorded material new activity.,15.000000,LOW,False,98.940000,True,61.220000,True,17,76.000000,67.970000,MEDIUM,Analyst review with customer and counterparty context,scenario=DORMANT_REACTIVATION:76; KYC=15.0; anomaly=98.9; graph=61.2
AL000116,H000113,C000302,A0000715,STRUCTURING,2026-07-12 06:00:00,2026-07-13 07:00:00,6,283246.920000,6.000000,5.000000,T000048043|T000048044|T000048045|T000048046|T000048047|T000048048,Repeated cash inflows clustered below an internal monitoring parameter.,15.000000,LOW,True,96.440000,True,23.730000,False,26,82.000000,67.470000,MEDIUM,Analyst review with customer and counterparty context,scenario=STRUCTURING:82; KYC=15.0; anomaly=96.4; graph=23.7
AL000117,H000119,C000839,A0000361,STRUCTURING,2026-07-17 10:00:00,2026-07-18 10:00:00,5,219246.190000,5.000000,5.000000,T000048310|T000048311|T000048312|T000048313|T000048314,Repeated cash inflows clustered below an internal monitoring parameter.,12.000000,LOW,True,97.220000,True,22.990000,False,9,82.000000,67.030000,MEDIUM,Analyst review with customer and counterparty context,scenario=STRUCTURING:82; KYC=12.0; anomaly=97.2; graph=23.0
AL000118,H000042,C001151,A0000899,DORMANT_REACTIVATION,2026-08-14 17:00:00,2026-08-14 17:00:00,1,389129.550000,389129.550000,100000.000000,T000048125,A dormant-designated account recorded material new activity.,9.000000,LOW,False,96.110000,True,63.150000,False,53,76.000000,66.810000,MEDIUM,Analyst review with customer and counterparty context,scenario=DORMANT_REACTIVATION:76; KYC=9.0; anomaly=96.1; graph=63.1
AL000119,H000117,C000716,A0000955,STRUCTURING,2026-07-12 06:00:00,2026-07-13 07:00:00,6,276312.440000,6.000000,5.000000,T000048085|T000048086|T000048087|T000048088|T000048089|T000048090,Repeated cash inflows clustered below an internal monitoring parameter.,9.000000,LOW,True,93.280000,False,29.370000,False,26,82.000000,66.640000,MEDIUM,Analyst review with customer and counterparty context,scenario=STRUCTURING:82; KYC=9.0; anomaly=93.3; graph=29.4
AL000120,H000034,C000162,A0000670,DORMANT_REACTIVATION,2026-08-11 15:00:00,2026-08-11 15:00:00,1,141503.240000,141503.240000,100000.000000,T000048279,A dormant-designated account recorded material new activity.,15.000000,LOW,True,98.060000,True,48.760000,False,29,76.000000,66.600000,MEDIUM,Analyst review with customer and counterparty context,scenario=DORMANT_REACTIVATION:76; KYC=15.0; anomaly=98.1; graph=48.8
AL000121,H000118,C000811,A0000222,STRUCTURING,2026-06-16 10:00:00,2026-06-17 10:00:00,5,222504.120000,5.000000,5.000000,T000048300|T000048301|T000048302|T000048303|T000048304,Repeated cash inflows clustered below an internal monitoring parameter.,17.000000,LOW,False,98.560000,True,7.710000,False,19,82.000000,66.490000,MEDIUM,Analyst review with customer and counterparty context,scenario=STRUCTURING:82; KYC=17.0; anomaly=98.6; graph=7.7
AL000122,H000131,C001575,A0001092,STRUCTURING,2026-07-20 06:00:00,2026-07-21 07:00:00,6,275911.260000,6.000000,5.000000,T000048061|T000048062|T000048063|T000048064|T000048065|T000048066,Repeated cash inflows clustered below an internal monitoring parameter.,9.000000,LOW,False,92.500000,False,27.330000,False,28,82.000000,66.320000,MEDIUM,Analyst review with customer and counterparty context,scenario=STRUCTURING:82; KYC=9.0; anomaly=92.5; graph=27.3
AL000123,H000033,C000156,A0001053,DORMANT_REACTIVATION,2026-07-16 17:00:00,2026-07-16 17:00:00,1,452965.880000,452965.880000,100000.000000,T000048130,A dormant-designated account recorded material new activity.,17.000000,LOW,True,99.440000,True,40.330000,False,34,76.000000,66.270000,MEDIUM,Analyst review with customer and counterparty context,scenario=DORMANT_REACTIVATION:76; KYC=17.0; anomaly=99.4; graph=40.3
AL000124,H000116,C000579,A0001889,STRUCTURING,2026-06-24 06:00:00,2026-06-25 07:00:00,6,283405.940000,6.000000,5.000000,T000048037|T000048038|T000048039|T000048040|T000048041|T000048042,Repeated cash inflows clustered below an internal monitoring parameter.,9.000000,LOW,True,95.440000,True,21.860000,False,19,82.000000,66.190000,MEDIUM,Analyst review with customer and counterparty context,scenario=STRUCTURING:82; KYC=9.0; anomaly=95.4; graph=21.9
AL000125,H000048,C001595,A0002101,DORMANT_REACTIVATION,2026-07-06 02:00:00,2026-07-06 02:00:00,1,349995.940000,349995.940000,100000.000000,T000048156,A dormant-designated account recorded material new activity.,15.000000,LOW,True,98.220000,True,42.920000,False,21,76.000000,66.040000,MEDIUM,Analyst review with customer and counterparty context,scenario=DORMANT_REACTIVATION:76; KYC=15.0; anomaly=98.2; graph=42.9
AL000126,H000134,C001774,A0001643,STRUCTURING,2026-07-19 10:00:00,2026-07-20 10:00:00,5,206472.060000,5.000000,5.000000,T000048330|T000048331|T000048332|T000048333|T000048334,Repeated cash inflows clustered below an internal monitoring parameter.,12.000000,LOW,True,76.280000,False,37.250000,False,24,82.000000,65.520000,MEDIUM,Analyst review with customer and counterparty context,scenario=STRUCTURING:82; KYC=12.0; anomaly=76.3; graph=37.2
AL000127,H000125,C001412,A0002144,STRUCTURING,2026-07-09 10:00:00,2026-07-10 10:00:00,5,219552.090000,5.000000,5.000000,T000048305|T000048306|T000048307|T000048308|T000048309,Repeated cash inflows clustered below an internal monitoring parameter.,9.000000,LOW,True,88.330000,False,24.880000,False,28,82.000000,65.490000,MEDIUM,Analyst review with customer and counterparty context,scenario=STRUCTURING:82; KYC=9.0; anomaly=88.3; graph=24.9
AL000128,H000050,C001704,A0001285,DORMANT_REACTIVATION,2026-07-16 17:00:00,2026-07-16 17:00:00,1,406846.580000,406846.580000,100000.000000,T000048132,A dormant-designated account recorded material new activity.,9.000000,LOW,True,94.220000,False,51.090000,False,34,76.000000,65.340000,MEDIUM,Analyst review with customer and counterparty context,scenario=DORMANT_REACTIVATION:76; KYC=9.0; anomaly=94.2; graph=51.1
AL000129,H000032,C000153,A0001525,DORMANT_REACTIVATION,2026-08-05 16:00:00,2026-08-05 16:00:00,1,104041.330000,104041.330000,100000.000000,T000048403,A dormant-designated account recorded material new activity.,29.000000,MEDIUM,True,100.000000,True,7.580000,False,10,76.000000,65.000000,MEDIUM,Analyst review with customer and counterparty context,scenario=DORMANT_REACTIVATION:76; KYC=29.0; anomaly=100.0; graph=7.6
AL000130,H000040,C001026,A0000190,DORMANT_REACTIVATION,2026-08-12 15:00:00,2026-08-12 15:00:00,1,138219.070000,138219.070000,100000.000000,T000048272,A dormant-designated account recorded material new activity.,20.000000,LOW,True,99.170000,True,22.480000,False,16,76.000000,64.930000,MEDIUM,Analyst review with customer and counterparty context,scenario=DORMANT_REACTIVATION:76; KYC=20.0; anomaly=99.2; graph=22.5
AL000131,H000037,C000756,A0000866,DORMANT_REACTIVATION,2026-08-04 17:00:00,2026-08-04 17:00:00,1,156431.850000,156431.850000,100000.000000,T000048122,A dormant-designated account recorded material new activity.,15.000000,LOW,False,74.220000,False,50.140000,False,29,76.000000,63.400000,MEDIUM,Analyst review with customer and counterparty context,scenario=DORMANT_REACTIVATION:76; KYC=15.0; anomaly=74.2; graph=50.1
AL000132,H000047,C001535,A0001061,DORMANT_REACTIVATION,2026-07-22 17:00:00,2026-07-22 17:00:00,1,265444.610000,265444.610000,100000.000000,T000048129,A dormant-designated account recorded material new activity.,15.000000,LOW,False,88.940000,False,26.820000,False,26,76.000000,63.130000,MEDIUM,Analyst review with customer and counterparty context,scenario=DORMANT_REACTIVATION:76; KYC=15.0; anomaly=88.9; graph=26.8
AL000133,H000031,C000097,A0000823,DORMANT_REACTIVATION,2026-07-25 17:00:00,2026-07-25 17:00:00,1,353916.200000,353916.200000,100000.000000,T000048123,A dormant-designated account recorded material new activity.,17.000000,LOW,True,94.670000,False,14.980000,False,22,76.000000,63.070000,MEDIUM,Analyst review with customer and counterparty context,scenario=DORMANT_REACTIVATION:76; KYC=17.0; anomaly=94.7; graph=15.0
AL000134,H000038,C000922,A0000109,DORMANT_REACTIVATION,2026-08-13 17:00:00,2026-08-13 17:00:00,1,469198.030000,469198.030000,100000.000000,T000048126,A dormant-designated account recorded material new activity.,17.000000,LOW,True,94.890000,False,13.690000,False,20,76.000000,62.970000,MEDIUM,Analyst review with customer and counterparty context,scenario=DORMANT_REACTIVATION:76; KYC=17.0; anomaly=94.9; graph=13.7
