case_id,customer_id,investigative_hypothesis,scenario_evidence,required_checks,reporting_decision,customer_action
CASE000001,C000550,Review whether observed behaviour is consistent with the customer's stated profile; the alert is not a conclusion.,CIRCULAR_TRANSFER: A short internal transfer cycle connected three synthetic customers.,KYC refresh; source-of-funds review; counterparty context; transaction chronology; open-source and screening checks under approved procedures,NOT_MADE__MLRO_HUMAN_DECISION_REQUIRED,NONE_AUTOMATED
CASE000002,C000087,Review whether observed behaviour is consistent with the customer's stated profile; the alert is not a conclusion.,CIRCULAR_TRANSFER: A short internal transfer cycle connected three synthetic customers.,KYC refresh; source-of-funds review; counterparty context; transaction chronology; open-source and screening checks under approved procedures,NOT_MADE__MLRO_HUMAN_DECISION_REQUIRED,NONE_AUTOMATED
CASE000003,C001180,Review whether observed behaviour is consistent with the customer's stated profile; the alert is not a conclusion.,CIRCULAR_TRANSFER: A short internal transfer cycle connected three synthetic customers. | DORMANT_REACTIVATION: A dormant-designated account recorded material new activity.,KYC refresh; source-of-funds review; counterparty context; transaction chronology; open-source and screening checks under approved procedures,NOT_MADE__MLRO_HUMAN_DECISION_REQUIRED,NONE_AUTOMATED
CASE000004,C001508,Review whether observed behaviour is consistent with the customer's stated profile; the alert is not a conclusion.,CIRCULAR_TRANSFER: A short internal transfer cycle connected three synthetic customers.,KYC refresh; source-of-funds review; counterparty context; transaction chronology; open-source and screening checks under approved procedures,NOT_MADE__MLRO_HUMAN_DECISION_REQUIRED,NONE_AUTOMATED
CASE000005,C001650,Review whether observed behaviour is consistent with the customer's stated profile; the alert is not a conclusion.,CIRCULAR_TRANSFER: A short internal transfer cycle connected three synthetic customers.,KYC refresh; source-of-funds review; counterparty context; transaction chronology; open-source and screening checks under approved procedures,NOT_MADE__MLRO_HUMAN_DECISION_REQUIRED,NONE_AUTOMATED
CASE000006,C000050,Review whether observed behaviour is consistent with the customer's stated profile; the alert is not a conclusion.,CIRCULAR_TRANSFER: A short internal transfer cycle connected three synthetic customers.,KYC refresh; source-of-funds review; counterparty context; transaction chronology; open-source and screening checks under approved procedures,NOT_MADE__MLRO_HUMAN_DECISION_REQUIRED,NONE_AUTOMATED
CASE000007,C001462,Review whether observed behaviour is consistent with the customer's stated profile; the alert is not a conclusion.,CIRCULAR_TRANSFER: A short internal transfer cycle connected three synthetic customers.,KYC refresh; source-of-funds review; counterparty context; transaction chronology; open-source and screening checks under approved procedures,NOT_MADE__MLRO_HUMAN_DECISION_REQUIRED,NONE_AUTOMATED
CASE000008,C001216,Review whether observed behaviour is consistent with the customer's stated profile; the alert is not a conclusion.,CIRCULAR_TRANSFER: A short internal transfer cycle connected three synthetic customers.,KYC refresh; source-of-funds review; counterparty context; transaction chronology; open-source and screening checks under approved procedures,NOT_MADE__MLRO_HUMAN_DECISION_REQUIRED,NONE_AUTOMATED
CASE000009,C000626,Review whether observed behaviour is consistent with the customer's stated profile; the alert is not a conclusion.,CIRCULAR_TRANSFER: A short internal transfer cycle connected three synthetic customers. | DORMANT_REACTIVATION: A dormant-designated account recorded material new activity.,KYC refresh; source-of-funds review; counterparty context; transaction chronology; open-source and screening checks under approved procedures,NOT_MADE__MLRO_HUMAN_DECISION_REQUIRED,NONE_AUTOMATED
CASE000010,C001531,Review whether observed behaviour is consistent with the customer's stated profile; the alert is not a conclusion.,CIRCULAR_TRANSFER: A short internal transfer cycle connected three synthetic customers.,KYC refresh; source-of-funds review; counterparty context; transaction chronology; open-source and screening checks under approved procedures,NOT_MADE__MLRO_HUMAN_DECISION_REQUIRED,NONE_AUTOMATED
CASE000011,C001786,Review whether observed behaviour is consistent with the customer's stated profile; the alert is not a conclusion.,CIRCULAR_TRANSFER: A short internal transfer cycle connected three synthetic customers.,KYC refresh; source-of-funds review; counterparty context; transaction chronology; open-source and screening checks under approved procedures,NOT_MADE__MLRO_HUMAN_DECISION_REQUIRED,NONE_AUTOMATED
CASE000012,C001409,Review whether observed behaviour is consistent with the customer's stated profile; the alert is not a conclusion.,CIRCULAR_TRANSFER: A short internal transfer cycle connected three synthetic customers.,KYC refresh; source-of-funds review; counterparty context; transaction chronology; open-source and screening checks under approved procedures,NOT_MADE__MLRO_HUMAN_DECISION_REQUIRED,NONE_AUTOMATED
CASE000013,C000873,Review whether observed behaviour is consistent with the customer's stated profile; the alert is not a conclusion.,CIRCULAR_TRANSFER: A short internal transfer cycle connected three synthetic customers.,KYC refresh; source-of-funds review; counterparty context; transaction chronology; open-source and screening checks under approved procedures,NOT_MADE__MLRO_HUMAN_DECISION_REQUIRED,NONE_AUTOMATED
CASE000014,C001152,Review whether observed behaviour is consistent with the customer's stated profile; the alert is not a conclusion.,CIRCULAR_TRANSFER: A short internal transfer cycle connected three synthetic customers.,KYC refresh; source-of-funds review; counterparty context; transaction chronology; open-source and screening checks under approved procedures,NOT_MADE__MLRO_HUMAN_DECISION_REQUIRED,NONE_AUTOMATED
CASE000015,C000052,Review whether observed behaviour is consistent with the customer's stated profile; the alert is not a conclusion.,CIRCULAR_TRANSFER: A short internal transfer cycle connected three synthetic customers.,KYC refresh; source-of-funds review; counterparty context; transaction chronology; open-source and screening checks under approved procedures,NOT_MADE__MLRO_HUMAN_DECISION_REQUIRED,NONE_AUTOMATED
CASE000016,C001284,Review whether observed behaviour is consistent with the customer's stated profile; the alert is not a conclusion.,CIRCULAR_TRANSFER: A short internal transfer cycle connected three synthetic customers. | DORMANT_REACTIVATION: A dormant-designated account recorded material new activity.,KYC refresh; source-of-funds review; counterparty context; transaction chronology; open-source and screening checks under approved procedures,NOT_MADE__MLRO_HUMAN_DECISION_REQUIRED,NONE_AUTOMATED
CASE000017,C000942,Review whether observed behaviour is consistent with the customer's stated profile; the alert is not a conclusion.,RAPID_MOVEMENT: Material incoming funds were followed by rapid outbound movement.,KYC refresh; source-of-funds review; counterparty context; transaction chronology; open-source and screening checks under approved procedures,NOT_MADE__MLRO_HUMAN_DECISION_REQUIRED,NONE_AUTOMATED
CASE000018,C001105,Review whether observed behaviour is consistent with the customer's stated profile; the alert is not a conclusion.,CIRCULAR_TRANSFER: A short internal transfer cycle connected three synthetic customers.,KYC refresh; source-of-funds review; counterparty context; transaction chronology; open-source and screening checks under approved procedures,NOT_MADE__MLRO_HUMAN_DECISION_REQUIRED,NONE_AUTOMATED
CASE000019,C001741,Review whether observed behaviour is consistent with the customer's stated profile; the alert is not a conclusion.,CIRCULAR_TRANSFER: A short internal transfer cycle connected three synthetic customers.,KYC refresh; source-of-funds review; counterparty context; transaction chronology; open-source and screening checks under approved procedures,NOT_MADE__MLRO_HUMAN_DECISION_REQUIRED,NONE_AUTOMATED
CASE000020,C000646,Review whether observed behaviour is consistent with the customer's stated profile; the alert is not a conclusion.,CIRCULAR_TRANSFER: A short internal transfer cycle connected three synthetic customers.,KYC refresh; source-of-funds review; counterparty context; transaction chronology; open-source and screening checks under approved procedures,NOT_MADE__MLRO_HUMAN_DECISION_REQUIRED,NONE_AUTOMATED
CASE000021,C001016,Review whether observed behaviour is consistent with the customer's stated profile; the alert is not a conclusion.,CIRCULAR_TRANSFER: A short internal transfer cycle connected three synthetic customers.,KYC refresh; source-of-funds review; counterparty context; transaction chronology; open-source and screening checks under approved procedures,NOT_MADE__MLRO_HUMAN_DECISION_REQUIRED,NONE_AUTOMATED
CASE000022,C000054,Review whether observed behaviour is consistent with the customer's stated profile; the alert is not a conclusion.,CIRCULAR_TRANSFER: A short internal transfer cycle connected three synthetic customers.,KYC refresh; source-of-funds review; counterparty context; transaction chronology; open-source and screening checks under approved procedures,NOT_MADE__MLRO_HUMAN_DECISION_REQUIRED,NONE_AUTOMATED
CASE000023,C001218,Review whether observed behaviour is consistent with the customer's stated profile; the alert is not a conclusion.,CIRCULAR_TRANSFER: A short internal transfer cycle connected three synthetic customers.,KYC refresh; source-of-funds review; counterparty context; transaction chronology; open-source and screening checks under approved procedures,NOT_MADE__MLRO_HUMAN_DECISION_REQUIRED,NONE_AUTOMATED
CASE000024,C000448,Review whether observed behaviour is consistent with the customer's stated profile; the alert is not a conclusion.,CIRCULAR_TRANSFER: A short internal transfer cycle connected three synthetic customers.,KYC refresh; source-of-funds review; counterparty context; transaction chronology; open-source and screening checks under approved procedures,NOT_MADE__MLRO_HUMAN_DECISION_REQUIRED,NONE_AUTOMATED
CASE000025,C000894,Review whether observed behaviour is consistent with the customer's stated profile; the alert is not a conclusion.,CIRCULAR_TRANSFER: A short internal transfer cycle connected three synthetic customers.,KYC refresh; source-of-funds review; counterparty context; transaction chronology; open-source and screening checks under approved procedures,NOT_MADE__MLRO_HUMAN_DECISION_REQUIRED,NONE_AUTOMATED
CASE000026,C000389,Review whether observed behaviour is consistent with the customer's stated profile; the alert is not a conclusion.,CIRCULAR_TRANSFER: A short internal transfer cycle connected three synthetic customers. | DORMANT_REACTIVATION: A dormant-designated account recorded material new activity.,KYC refresh; source-of-funds review; counterparty context; transaction chronology; open-source and screening checks under approved procedures,NOT_MADE__MLRO_HUMAN_DECISION_REQUIRED,NONE_AUTOMATED
CASE000027,C000734,Review whether observed behaviour is consistent with the customer's stated profile; the alert is not a conclusion.,FUNNEL_MULE: Multiple incoming counterparties were followed by concentrated outbound movement.,KYC refresh; source-of-funds review; counterparty context; transaction chronology; open-source and screening checks under approved procedures,NOT_MADE__MLRO_HUMAN_DECISION_REQUIRED,NONE_AUTOMATED
CASE000028,C001706,Review whether observed behaviour is consistent with the customer's stated profile; the alert is not a conclusion.,CIRCULAR_TRANSFER: A short internal transfer cycle connected three synthetic customers.,KYC refresh; source-of-funds review; counterparty context; transaction chronology; open-source and screening checks under approved procedures,NOT_MADE__MLRO_HUMAN_DECISION_REQUIRED,NONE_AUTOMATED
CASE000029,C001344,Review whether observed behaviour is consistent with the customer's stated profile; the alert is not a conclusion.,CIRCULAR_TRANSFER: A short internal transfer cycle connected three synthetic customers.,KYC refresh; source-of-funds review; counterparty context; transaction chronology; open-source and screening checks under approved procedures,NOT_MADE__MLRO_HUMAN_DECISION_REQUIRED,NONE_AUTOMATED
CASE000030,C000536,Review whether observed behaviour is consistent with the customer's stated profile; the alert is not a conclusion.,CIRCULAR_TRANSFER: A short internal transfer cycle connected three synthetic customers.,KYC refresh; source-of-funds review; counterparty context; transaction chronology; open-source and screening checks under approved procedures,NOT_MADE__MLRO_HUMAN_DECISION_REQUIRED,NONE_AUTOMATED
CASE000031,C000965,Review whether observed behaviour is consistent with the customer's stated profile; the alert is not a conclusion.,CIRCULAR_TRANSFER: A short internal transfer cycle connected three synthetic customers.,KYC refresh; source-of-funds review; counterparty context; transaction chronology; open-source and screening checks under approved procedures,NOT_MADE__MLRO_HUMAN_DECISION_REQUIRED,NONE_AUTOMATED
CASE000032,C000084,Review whether observed behaviour is consistent with the customer's stated profile; the alert is not a conclusion.,CIRCULAR_TRANSFER: A short internal transfer cycle connected three synthetic customers.,KYC refresh; source-of-funds review; counterparty context; transaction chronology; open-source and screening checks under approved procedures,NOT_MADE__MLRO_HUMAN_DECISION_REQUIRED,NONE_AUTOMATED
CASE000033,C001542,Review whether observed behaviour is consistent with the customer's stated profile; the alert is not a conclusion.,RAPID_MOVEMENT: Material incoming funds were followed by rapid outbound movement.,KYC refresh; source-of-funds review; counterparty context; transaction chronology; open-source and screening checks under approved procedures,NOT_MADE__MLRO_HUMAN_DECISION_REQUIRED,NONE_AUTOMATED
CASE000034,C000847,Review whether observed behaviour is consistent with the customer's stated profile; the alert is not a conclusion.,STRUCTURING: Repeated cash inflows clustered below an internal monitoring parameter.,KYC refresh; source-of-funds review; counterparty context; transaction chronology; open-source and screening checks under approved procedures,NOT_MADE__MLRO_HUMAN_DECISION_REQUIRED,NONE_AUTOMATED
CASE000035,C000724,Review whether observed behaviour is consistent with the customer's stated profile; the alert is not a conclusion.,HIGH_RISK_GEOGRAPHY: Material activity involved a fictitious high-risk test jurisdiction.,KYC refresh; source-of-funds review; counterparty context; transaction chronology; open-source and screening checks under approved procedures,NOT_MADE__MLRO_HUMAN_DECISION_REQUIRED,NONE_AUTOMATED
CASE000036,C000549,Review whether observed behaviour is consistent with the customer's stated profile; the alert is not a conclusion.,RAPID_MOVEMENT: Material incoming funds were followed by rapid outbound movement.,KYC refresh; source-of-funds review; counterparty context; transaction chronology; open-source and screening checks under approved procedures,NOT_MADE__MLRO_HUMAN_DECISION_REQUIRED,NONE_AUTOMATED
CASE000037,C000005,Review whether observed behaviour is consistent with the customer's stated profile; the alert is not a conclusion.,FUNNEL_MULE: Multiple incoming counterparties were followed by concentrated outbound movement.,KYC refresh; source-of-funds review; counterparty context; transaction chronology; open-source and screening checks under approved procedures,NOT_MADE__MLRO_HUMAN_DECISION_REQUIRED,NONE_AUTOMATED
CASE000038,C001744,Review whether observed behaviour is consistent with the customer's stated profile; the alert is not a conclusion.,RAPID_MOVEMENT: Material incoming funds were followed by rapid outbound movement.,KYC refresh; source-of-funds review; counterparty context; transaction chronology; open-source and screening checks under approved procedures,NOT_MADE__MLRO_HUMAN_DECISION_REQUIRED,NONE_AUTOMATED
CASE000039,C001729,Review whether observed behaviour is consistent with the customer's stated profile; the alert is not a conclusion.,FUNNEL_MULE: Multiple incoming counterparties were followed by concentrated outbound movement.,KYC refresh; source-of-funds review; counterparty context; transaction chronology; open-source and screening checks under approved procedures,NOT_MADE__MLRO_HUMAN_DECISION_REQUIRED,NONE_AUTOMATED
CASE000040,C000447,Review whether observed behaviour is consistent with the customer's stated profile; the alert is not a conclusion.,FUNNEL_MULE: Multiple incoming counterparties were followed by concentrated outbound movement.,KYC refresh; source-of-funds review; counterparty context; transaction chronology; open-source and screening checks under approved procedures,NOT_MADE__MLRO_HUMAN_DECISION_REQUIRED,NONE_AUTOMATED
CASE000041,C001595,Review whether observed behaviour is consistent with the customer's stated profile; the alert is not a conclusion.,FUNNEL_MULE: Multiple incoming counterparties were followed by concentrated outbound movement. | DORMANT_REACTIVATION: A dormant-designated account recorded material new activity.,KYC refresh; source-of-funds review; counterparty context; transaction chronology; open-source and screening checks under approved procedures,NOT_MADE__MLRO_HUMAN_DECISION_REQUIRED,NONE_AUTOMATED
CASE000042,C000524,Review whether observed behaviour is consistent with the customer's stated profile; the alert is not a conclusion.,FUNNEL_MULE: Multiple incoming counterparties were followed by concentrated outbound movement.,KYC refresh; source-of-funds review; counterparty context; transaction chronology; open-source and screening checks under approved procedures,NOT_MADE__MLRO_HUMAN_DECISION_REQUIRED,NONE_AUTOMATED
CASE000043,C001356,Review whether observed behaviour is consistent with the customer's stated profile; the alert is not a conclusion.,FUNNEL_MULE: Multiple incoming counterparties were followed by concentrated outbound movement.,KYC refresh; source-of-funds review; counterparty context; transaction chronology; open-source and screening checks under approved procedures,NOT_MADE__MLRO_HUMAN_DECISION_REQUIRED,NONE_AUTOMATED
CASE000044,C001502,Review whether observed behaviour is consistent with the customer's stated profile; the alert is not a conclusion.,FUNNEL_MULE: Multiple incoming counterparties were followed by concentrated outbound movement.,KYC refresh; source-of-funds review; counterparty context; transaction chronology; open-source and screening checks under approved procedures,NOT_MADE__MLRO_HUMAN_DECISION_REQUIRED,NONE_AUTOMATED
CASE000045,C000446,Review whether observed behaviour is consistent with the customer's stated profile; the alert is not a conclusion.,RAPID_MOVEMENT: Material incoming funds were followed by rapid outbound movement.,KYC refresh; source-of-funds review; counterparty context; transaction chronology; open-source and screening checks under approved procedures,NOT_MADE__MLRO_HUMAN_DECISION_REQUIRED,NONE_AUTOMATED
CASE000046,C000631,Review whether observed behaviour is consistent with the customer's stated profile; the alert is not a conclusion.,RAPID_MOVEMENT: Material incoming funds were followed by rapid outbound movement.,KYC refresh; source-of-funds review; counterparty context; transaction chronology; open-source and screening checks under approved procedures,NOT_MADE__MLRO_HUMAN_DECISION_REQUIRED,NONE_AUTOMATED
CASE000047,C001328,Review whether observed behaviour is consistent with the customer's stated profile; the alert is not a conclusion.,FUNNEL_MULE: Multiple incoming counterparties were followed by concentrated outbound movement.,KYC refresh; source-of-funds review; counterparty context; transaction chronology; open-source and screening checks under approved procedures,NOT_MADE__MLRO_HUMAN_DECISION_REQUIRED,NONE_AUTOMATED
CASE000048,C000390,Review whether observed behaviour is consistent with the customer's stated profile; the alert is not a conclusion.,RAPID_MOVEMENT: Material incoming funds were followed by rapid outbound movement.,KYC refresh; source-of-funds review; counterparty context; transaction chronology; open-source and screening checks under approved procedures,NOT_MADE__MLRO_HUMAN_DECISION_REQUIRED,NONE_AUTOMATED
CASE000049,C000359,Review whether observed behaviour is consistent with the customer's stated profile; the alert is not a conclusion.,RAPID_MOVEMENT: Material incoming funds were followed by rapid outbound movement.,KYC refresh; source-of-funds review; counterparty context; transaction chronology; open-source and screening checks under approved procedures,NOT_MADE__MLRO_HUMAN_DECISION_REQUIRED,NONE_AUTOMATED
CASE000050,C001008,Review whether observed behaviour is consistent with the customer's stated profile; the alert is not a conclusion.,FUNNEL_MULE: Multiple incoming counterparties were followed by concentrated outbound movement.,KYC refresh; source-of-funds review; counterparty context; transaction chronology; open-source and screening checks under approved procedures,NOT_MADE__MLRO_HUMAN_DECISION_REQUIRED,NONE_AUTOMATED
CASE000051,C001027,Review whether observed behaviour is consistent with the customer's stated profile; the alert is not a conclusion.,RAPID_MOVEMENT: Material incoming funds were followed by rapid outbound movement.,KYC refresh; source-of-funds review; counterparty context; transaction chronology; open-source and screening checks under approved procedures,NOT_MADE__MLRO_HUMAN_DECISION_REQUIRED,NONE_AUTOMATED
CASE000052,C001725,Review whether observed behaviour is consistent with the customer's stated profile; the alert is not a conclusion.,RAPID_MOVEMENT: Material incoming funds were followed by rapid outbound movement.,KYC refresh; source-of-funds review; counterparty context; transaction chronology; open-source and screening checks under approved procedures,NOT_MADE__MLRO_HUMAN_DECISION_REQUIRED,NONE_AUTOMATED
CASE000053,C001597,Review whether observed behaviour is consistent with the customer's stated profile; the alert is not a conclusion.,HIGH_RISK_GEOGRAPHY: Material activity involved a fictitious high-risk test jurisdiction.,KYC refresh; source-of-funds review; counterparty context; transaction chronology; open-source and screening checks under approved procedures,NOT_MADE__MLRO_HUMAN_DECISION_REQUIRED,NONE_AUTOMATED
CASE000054,C000799,Review whether observed behaviour is consistent with the customer's stated profile; the alert is not a conclusion.,RAPID_MOVEMENT: Material incoming funds were followed by rapid outbound movement.,KYC refresh; source-of-funds review; counterparty context; transaction chronology; open-source and screening checks under approved procedures,NOT_MADE__MLRO_HUMAN_DECISION_REQUIRED,NONE_AUTOMATED
CASE000055,C001564,Review whether observed behaviour is consistent with the customer's stated profile; the alert is not a conclusion.,FUNNEL_MULE: Multiple incoming counterparties were followed by concentrated outbound movement.,KYC refresh; source-of-funds review; counterparty context; transaction chronology; open-source and screening checks under approved procedures,NOT_MADE__MLRO_HUMAN_DECISION_REQUIRED,NONE_AUTOMATED
CASE000056,C001376,Review whether observed behaviour is consistent with the customer's stated profile; the alert is not a conclusion.,HIGH_RISK_GEOGRAPHY: Material activity involved a fictitious high-risk test jurisdiction.,KYC refresh; source-of-funds review; counterparty context; transaction chronology; open-source and screening checks under approved procedures,NOT_MADE__MLRO_HUMAN_DECISION_REQUIRED,NONE_AUTOMATED
CASE000057,C001106,Review whether observed behaviour is consistent with the customer's stated profile; the alert is not a conclusion.,FUNNEL_MULE: Multiple incoming counterparties were followed by concentrated outbound movement.,KYC refresh; source-of-funds review; counterparty context; transaction chronology; open-source and screening checks under approved procedures,NOT_MADE__MLRO_HUMAN_DECISION_REQUIRED,NONE_AUTOMATED
CASE000058,C000474,Review whether observed behaviour is consistent with the customer's stated profile; the alert is not a conclusion.,RAPID_MOVEMENT: Material incoming funds were followed by rapid outbound movement.,KYC refresh; source-of-funds review; counterparty context; transaction chronology; open-source and screening checks under approved procedures,NOT_MADE__MLRO_HUMAN_DECISION_REQUIRED,NONE_AUTOMATED
CASE000059,C001558,Review whether observed behaviour is consistent with the customer's stated profile; the alert is not a conclusion.,RAPID_MOVEMENT: Material incoming funds were followed by rapid outbound movement.,KYC refresh; source-of-funds review; counterparty context; transaction chronology; open-source and screening checks under approved procedures,NOT_MADE__MLRO_HUMAN_DECISION_REQUIRED,NONE_AUTOMATED
CASE000060,C000117,Review whether observed behaviour is consistent with the customer's stated profile; the alert is not a conclusion.,HIGH_RISK_GEOGRAPHY: Material activity involved a fictitious high-risk test jurisdiction.,KYC refresh; source-of-funds review; counterparty context; transaction chronology; open-source and screening checks under approved procedures,NOT_MADE__MLRO_HUMAN_DECISION_REQUIRED,NONE_AUTOMATED
CASE000061,C001325,Review whether observed behaviour is consistent with the customer's stated profile; the alert is not a conclusion.,RAPID_MOVEMENT: Material incoming funds were followed by rapid outbound movement.,KYC refresh; source-of-funds review; counterparty context; transaction chronology; open-source and screening checks under approved procedures,NOT_MADE__MLRO_HUMAN_DECISION_REQUIRED,NONE_AUTOMATED
CASE000062,C000205,Review whether observed behaviour is consistent with the customer's stated profile; the alert is not a conclusion.,RAPID_MOVEMENT: Material incoming funds were followed by rapid outbound movement.,KYC refresh; source-of-funds review; counterparty context; transaction chronology; open-source and screening checks under approved procedures,NOT_MADE__MLRO_HUMAN_DECISION_REQUIRED,NONE_AUTOMATED
CASE000063,C001138,Review whether observed behaviour is consistent with the customer's stated profile; the alert is not a conclusion.,FUNNEL_MULE: Multiple incoming counterparties were followed by concentrated outbound movement.,KYC refresh; source-of-funds review; counterparty context; transaction chronology; open-source and screening checks under approved procedures,NOT_MADE__MLRO_HUMAN_DECISION_REQUIRED,NONE_AUTOMATED
CASE000064,C001506,Review whether observed behaviour is consistent with the customer's stated profile; the alert is not a conclusion.,FUNNEL_MULE: Multiple incoming counterparties were followed by concentrated outbound movement.,KYC refresh; source-of-funds review; counterparty context; transaction chronology; open-source and screening checks under approved procedures,NOT_MADE__MLRO_HUMAN_DECISION_REQUIRED,NONE_AUTOMATED
CASE000065,C000736,Review whether observed behaviour is consistent with the customer's stated profile; the alert is not a conclusion.,HIGH_RISK_GEOGRAPHY: Material activity involved a fictitious high-risk test jurisdiction.,KYC refresh; source-of-funds review; counterparty context; transaction chronology; open-source and screening checks under approved procedures,NOT_MADE__MLRO_HUMAN_DECISION_REQUIRED,NONE_AUTOMATED
CASE000066,C001769,Review whether observed behaviour is consistent with the customer's stated profile; the alert is not a conclusion.,RAPID_MOVEMENT: Material incoming funds were followed by rapid outbound movement.,KYC refresh; source-of-funds review; counterparty context; transaction chronology; open-source and screening checks under approved procedures,NOT_MADE__MLRO_HUMAN_DECISION_REQUIRED,NONE_AUTOMATED
CASE000067,C001043,Review whether observed behaviour is consistent with the customer's stated profile; the alert is not a conclusion.,HIGH_RISK_GEOGRAPHY: Material activity involved a fictitious high-risk test jurisdiction.,KYC refresh; source-of-funds review; counterparty context; transaction chronology; open-source and screening checks under approved procedures,NOT_MADE__MLRO_HUMAN_DECISION_REQUIRED,NONE_AUTOMATED
CASE000068,C001743,Review whether observed behaviour is consistent with the customer's stated profile; the alert is not a conclusion.,HIGH_RISK_GEOGRAPHY: Material activity involved a fictitious high-risk test jurisdiction.,KYC refresh; source-of-funds review; counterparty context; transaction chronology; open-source and screening checks under approved procedures,NOT_MADE__MLRO_HUMAN_DECISION_REQUIRED,NONE_AUTOMATED
CASE000069,C000496,Review whether observed behaviour is consistent with the customer's stated profile; the alert is not a conclusion.,HIGH_RISK_GEOGRAPHY: Material activity involved a fictitious high-risk test jurisdiction.,KYC refresh; source-of-funds review; counterparty context; transaction chronology; open-source and screening checks under approved procedures,NOT_MADE__MLRO_HUMAN_DECISION_REQUIRED,NONE_AUTOMATED
CASE000070,C000344,Review whether observed behaviour is consistent with the customer's stated profile; the alert is not a conclusion.,RAPID_MOVEMENT: Material incoming funds were followed by rapid outbound movement.,KYC refresh; source-of-funds review; counterparty context; transaction chronology; open-source and screening checks under approved procedures,NOT_MADE__MLRO_HUMAN_DECISION_REQUIRED,NONE_AUTOMATED
CASE000071,C001391,Review whether observed behaviour is consistent with the customer's stated profile; the alert is not a conclusion.,RAPID_MOVEMENT: Material incoming funds were followed by rapid outbound movement.,KYC refresh; source-of-funds review; counterparty context; transaction chronology; open-source and screening checks under approved procedures,NOT_MADE__MLRO_HUMAN_DECISION_REQUIRED,NONE_AUTOMATED
CASE000072,C001761,Review whether observed behaviour is consistent with the customer's stated profile; the alert is not a conclusion.,STRUCTURING: Repeated cash inflows clustered below an internal monitoring parameter.,KYC refresh; source-of-funds review; counterparty context; transaction chronology; open-source and screening checks under approved procedures,NOT_MADE__MLRO_HUMAN_DECISION_REQUIRED,NONE_AUTOMATED
CASE000073,C000162,Review whether observed behaviour is consistent with the customer's stated profile; the alert is not a conclusion.,HIGH_RISK_GEOGRAPHY: Material activity involved a fictitious high-risk test jurisdiction. | DORMANT_REACTIVATION: A dormant-designated account recorded material new activity.,KYC refresh; source-of-funds review; counterparty context; transaction chronology; open-source and screening checks under approved procedures,NOT_MADE__MLRO_HUMAN_DECISION_REQUIRED,NONE_AUTOMATED
CASE000074,C001133,Review whether observed behaviour is consistent with the customer's stated profile; the alert is not a conclusion.,DORMANT_REACTIVATION: A dormant-designated account recorded material new activity.,KYC refresh; source-of-funds review; counterparty context; transaction chronology; open-source and screening checks under approved procedures,NOT_MADE__MLRO_HUMAN_DECISION_REQUIRED,NONE_AUTOMATED
CASE000075,C001219,Review whether observed behaviour is consistent with the customer's stated profile; the alert is not a conclusion.,DORMANT_REACTIVATION: A dormant-designated account recorded material new activity.,KYC refresh; source-of-funds review; counterparty context; transaction chronology; open-source and screening checks under approved procedures,NOT_MADE__MLRO_HUMAN_DECISION_REQUIRED,NONE_AUTOMATED
CASE000076,C000749,Review whether observed behaviour is consistent with the customer's stated profile; the alert is not a conclusion.,HIGH_RISK_GEOGRAPHY: Material activity involved a fictitious high-risk test jurisdiction.,KYC refresh; source-of-funds review; counterparty context; transaction chronology; open-source and screening checks under approved procedures,NOT_MADE__MLRO_HUMAN_DECISION_REQUIRED,NONE_AUTOMATED
CASE000077,C001426,Review whether observed behaviour is consistent with the customer's stated profile; the alert is not a conclusion.,STRUCTURING: Repeated cash inflows clustered below an internal monitoring parameter.,KYC refresh; source-of-funds review; counterparty context; transaction chronology; open-source and screening checks under approved procedures,NOT_MADE__MLRO_HUMAN_DECISION_REQUIRED,NONE_AUTOMATED
CASE000078,C001477,Review whether observed behaviour is consistent with the customer's stated profile; the alert is not a conclusion.,STRUCTURING: Repeated cash inflows clustered below an internal monitoring parameter.,KYC refresh; source-of-funds review; counterparty context; transaction chronology; open-source and screening checks under approved procedures,NOT_MADE__MLRO_HUMAN_DECISION_REQUIRED,NONE_AUTOMATED
CASE000079,C000586,Review whether observed behaviour is consistent with the customer's stated profile; the alert is not a conclusion.,HIGH_RISK_GEOGRAPHY: Material activity involved a fictitious high-risk test jurisdiction.,KYC refresh; source-of-funds review; counterparty context; transaction chronology; open-source and screening checks under approved procedures,NOT_MADE__MLRO_HUMAN_DECISION_REQUIRED,NONE_AUTOMATED
CASE000080,C001540,Review whether observed behaviour is consistent with the customer's stated profile; the alert is not a conclusion.,FUNNEL_MULE: Multiple incoming counterparties were followed by concentrated outbound movement.,KYC refresh; source-of-funds review; counterparty context; transaction chronology; open-source and screening checks under approved procedures,NOT_MADE__MLRO_HUMAN_DECISION_REQUIRED,NONE_AUTOMATED
CASE000081,C001184,Review whether observed behaviour is consistent with the customer's stated profile; the alert is not a conclusion.,FUNNEL_MULE: Multiple incoming counterparties were followed by concentrated outbound movement.,KYC refresh; source-of-funds review; counterparty context; transaction chronology; open-source and screening checks under approved procedures,NOT_MADE__MLRO_HUMAN_DECISION_REQUIRED,NONE_AUTOMATED
CASE000082,C001546,Review whether observed behaviour is consistent with the customer's stated profile; the alert is not a conclusion.,HIGH_RISK_GEOGRAPHY: Material activity involved a fictitious high-risk test jurisdiction.,KYC refresh; source-of-funds review; counterparty context; transaction chronology; open-source and screening checks under approved procedures,NOT_MADE__MLRO_HUMAN_DECISION_REQUIRED,NONE_AUTOMATED
CASE000083,C000464,Review whether observed behaviour is consistent with the customer's stated profile; the alert is not a conclusion.,STRUCTURING: Repeated cash inflows clustered below an internal monitoring parameter.,KYC refresh; source-of-funds review; counterparty context; transaction chronology; open-source and screening checks under approved procedures,NOT_MADE__MLRO_HUMAN_DECISION_REQUIRED,NONE_AUTOMATED
CASE000084,C000973,Review whether observed behaviour is consistent with the customer's stated profile; the alert is not a conclusion.,STRUCTURING: Repeated cash inflows clustered below an internal monitoring parameter.,KYC refresh; source-of-funds review; counterparty context; transaction chronology; open-source and screening checks under approved procedures,NOT_MADE__MLRO_HUMAN_DECISION_REQUIRED,NONE_AUTOMATED
CASE000085,C001473,Review whether observed behaviour is consistent with the customer's stated profile; the alert is not a conclusion.,STRUCTURING: Repeated cash inflows clustered below an internal monitoring parameter.,KYC refresh; source-of-funds review; counterparty context; transaction chronology; open-source and screening checks under approved procedures,NOT_MADE__MLRO_HUMAN_DECISION_REQUIRED,NONE_AUTOMATED
CASE000086,C001665,Review whether observed behaviour is consistent with the customer's stated profile; the alert is not a conclusion.,DORMANT_REACTIVATION: A dormant-designated account recorded material new activity.,KYC refresh; source-of-funds review; counterparty context; transaction chronology; open-source and screening checks under approved procedures,NOT_MADE__MLRO_HUMAN_DECISION_REQUIRED,NONE_AUTOMATED
CASE000087,C001507,Review whether observed behaviour is consistent with the customer's stated profile; the alert is not a conclusion.,RAPID_MOVEMENT: Material incoming funds were followed by rapid outbound movement.,KYC refresh; source-of-funds review; counterparty context; transaction chronology; open-source and screening checks under approved procedures,NOT_MADE__MLRO_HUMAN_DECISION_REQUIRED,NONE_AUTOMATED
CASE000088,C000128,Review whether observed behaviour is consistent with the customer's stated profile; the alert is not a conclusion.,HIGH_RISK_GEOGRAPHY: Material activity involved a fictitious high-risk test jurisdiction.,KYC refresh; source-of-funds review; counterparty context; transaction chronology; open-source and screening checks under approved procedures,NOT_MADE__MLRO_HUMAN_DECISION_REQUIRED,NONE_AUTOMATED
CASE000089,C001156,Review whether observed behaviour is consistent with the customer's stated profile; the alert is not a conclusion.,FUNNEL_MULE: Multiple incoming counterparties were followed by concentrated outbound movement.,KYC refresh; source-of-funds review; counterparty context; transaction chronology; open-source and screening checks under approved procedures,NOT_MADE__MLRO_HUMAN_DECISION_REQUIRED,NONE_AUTOMATED
CASE000090,C001518,Review whether observed behaviour is consistent with the customer's stated profile; the alert is not a conclusion.,RAPID_MOVEMENT: Material incoming funds were followed by rapid outbound movement.,KYC refresh; source-of-funds review; counterparty context; transaction chronology; open-source and screening checks under approved procedures,NOT_MADE__MLRO_HUMAN_DECISION_REQUIRED,NONE_AUTOMATED
CASE000091,C000896,Review whether observed behaviour is consistent with the customer's stated profile; the alert is not a conclusion.,HIGH_RISK_GEOGRAPHY: Material activity involved a fictitious high-risk test jurisdiction.,KYC refresh; source-of-funds review; counterparty context; transaction chronology; open-source and screening checks under approved procedures,NOT_MADE__MLRO_HUMAN_DECISION_REQUIRED,NONE_AUTOMATED
CASE000092,C000505,Review whether observed behaviour is consistent with the customer's stated profile; the alert is not a conclusion.,HIGH_RISK_GEOGRAPHY: Material activity involved a fictitious high-risk test jurisdiction.,KYC refresh; source-of-funds review; counterparty context; transaction chronology; open-source and screening checks under approved procedures,NOT_MADE__MLRO_HUMAN_DECISION_REQUIRED,NONE_AUTOMATED
CASE000093,C001451,Review whether observed behaviour is consistent with the customer's stated profile; the alert is not a conclusion.,STRUCTURING: Repeated cash inflows clustered below an internal monitoring parameter.,KYC refresh; source-of-funds review; counterparty context; transaction chronology; open-source and screening checks under approved procedures,NOT_MADE__MLRO_HUMAN_DECISION_REQUIRED,NONE_AUTOMATED
CASE000094,C000153,Review whether observed behaviour is consistent with the customer's stated profile; the alert is not a conclusion.,HIGH_RISK_GEOGRAPHY: Material activity involved a fictitious high-risk test jurisdiction. | DORMANT_REACTIVATION: A dormant-designated account recorded material new activity.,KYC refresh; source-of-funds review; counterparty context; transaction chronology; open-source and screening checks under approved procedures,NOT_MADE__MLRO_HUMAN_DECISION_REQUIRED,NONE_AUTOMATED
CASE000095,C001169,Review whether observed behaviour is consistent with the customer's stated profile; the alert is not a conclusion.,STRUCTURING: Repeated cash inflows clustered below an internal monitoring parameter.,KYC refresh; source-of-funds review; counterparty context; transaction chronology; open-source and screening checks under approved procedures,NOT_MADE__MLRO_HUMAN_DECISION_REQUIRED,NONE_AUTOMATED
CASE000096,C000960,Review whether observed behaviour is consistent with the customer's stated profile; the alert is not a conclusion.,STRUCTURING: Repeated cash inflows clustered below an internal monitoring parameter.,KYC refresh; source-of-funds review; counterparty context; transaction chronology; open-source and screening checks under approved procedures,NOT_MADE__MLRO_HUMAN_DECISION_REQUIRED,NONE_AUTOMATED
CASE000097,C001700,Review whether observed behaviour is consistent with the customer's stated profile; the alert is not a conclusion.,RAPID_MOVEMENT: Material incoming funds were followed by rapid outbound movement.,KYC refresh; source-of-funds review; counterparty context; transaction chronology; open-source and screening checks under approved procedures,NOT_MADE__MLRO_HUMAN_DECISION_REQUIRED,NONE_AUTOMATED
CASE000098,C001026,Review whether observed behaviour is consistent with the customer's stated profile; the alert is not a conclusion.,HIGH_RISK_GEOGRAPHY: Material activity involved a fictitious high-risk test jurisdiction. | DORMANT_REACTIVATION: A dormant-designated account recorded material new activity.,KYC refresh; source-of-funds review; counterparty context; transaction chronology; open-source and screening checks under approved procedures,NOT_MADE__MLRO_HUMAN_DECISION_REQUIRED,NONE_AUTOMATED
CASE000099,C000621,Review whether observed behaviour is consistent with the customer's stated profile; the alert is not a conclusion.,HIGH_RISK_GEOGRAPHY: Material activity involved a fictitious high-risk test jurisdiction.,KYC refresh; source-of-funds review; counterparty context; transaction chronology; open-source and screening checks under approved procedures,NOT_MADE__MLRO_HUMAN_DECISION_REQUIRED,NONE_AUTOMATED
CASE000100,C001529,Review whether observed behaviour is consistent with the customer's stated profile; the alert is not a conclusion.,RAPID_MOVEMENT: Material incoming funds were followed by rapid outbound movement.,KYC refresh; source-of-funds review; counterparty context; transaction chronology; open-source and screening checks under approved procedures,NOT_MADE__MLRO_HUMAN_DECISION_REQUIRED,NONE_AUTOMATED
CASE000101,C001017,Review whether observed behaviour is consistent with the customer's stated profile; the alert is not a conclusion.,HIGH_RISK_GEOGRAPHY: Material activity involved a fictitious high-risk test jurisdiction.,KYC refresh; source-of-funds review; counterparty context; transaction chronology; open-source and screening checks under approved procedures,NOT_MADE__MLRO_HUMAN_DECISION_REQUIRED,NONE_AUTOMATED
CASE000102,C000589,Review whether observed behaviour is consistent with the customer's stated profile; the alert is not a conclusion.,HIGH_RISK_GEOGRAPHY: Material activity involved a fictitious high-risk test jurisdiction.,KYC refresh; source-of-funds review; counterparty context; transaction chronology; open-source and screening checks under approved procedures,NOT_MADE__MLRO_HUMAN_DECISION_REQUIRED,NONE_AUTOMATED
CASE000103,C000956,Review whether observed behaviour is consistent with the customer's stated profile; the alert is not a conclusion.,DORMANT_REACTIVATION: A dormant-designated account recorded material new activity.,KYC refresh; source-of-funds review; counterparty context; transaction chronology; open-source and screening checks under approved procedures,NOT_MADE__MLRO_HUMAN_DECISION_REQUIRED,NONE_AUTOMATED
CASE000104,C001446,Review whether observed behaviour is consistent with the customer's stated profile; the alert is not a conclusion.,DORMANT_REACTIVATION: A dormant-designated account recorded material new activity.,KYC refresh; source-of-funds review; counterparty context; transaction chronology; open-source and screening checks under approved procedures,NOT_MADE__MLRO_HUMAN_DECISION_REQUIRED,NONE_AUTOMATED
CASE000105,C001424,Review whether observed behaviour is consistent with the customer's stated profile; the alert is not a conclusion.,STRUCTURING: Repeated cash inflows clustered below an internal monitoring parameter.,KYC refresh; source-of-funds review; counterparty context; transaction chronology; open-source and screening checks under approved procedures,NOT_MADE__MLRO_HUMAN_DECISION_REQUIRED,NONE_AUTOMATED
CASE000106,C000150,Review whether observed behaviour is consistent with the customer's stated profile; the alert is not a conclusion.,HIGH_RISK_GEOGRAPHY: Material activity involved a fictitious high-risk test jurisdiction.,KYC refresh; source-of-funds review; counterparty context; transaction chronology; open-source and screening checks under approved procedures,NOT_MADE__MLRO_HUMAN_DECISION_REQUIRED,NONE_AUTOMATED
CASE000107,C000059,Review whether observed behaviour is consistent with the customer's stated profile; the alert is not a conclusion.,STRUCTURING: Repeated cash inflows clustered below an internal monitoring parameter.,KYC refresh; source-of-funds review; counterparty context; transaction chronology; open-source and screening checks under approved procedures,NOT_MADE__MLRO_HUMAN_DECISION_REQUIRED,NONE_AUTOMATED
CASE000108,C001712,Review whether observed behaviour is consistent with the customer's stated profile; the alert is not a conclusion.,STRUCTURING: Repeated cash inflows clustered below an internal monitoring parameter.,KYC refresh; source-of-funds review; counterparty context; transaction chronology; open-source and screening checks under approved procedures,NOT_MADE__MLRO_HUMAN_DECISION_REQUIRED,NONE_AUTOMATED
CASE000109,C000362,Review whether observed behaviour is consistent with the customer's stated profile; the alert is not a conclusion.,STRUCTURING: Repeated cash inflows clustered below an internal monitoring parameter.,KYC refresh; source-of-funds review; counterparty context; transaction chronology; open-source and screening checks under approved procedures,NOT_MADE__MLRO_HUMAN_DECISION_REQUIRED,NONE_AUTOMATED
CASE000110,C001111,Review whether observed behaviour is consistent with the customer's stated profile; the alert is not a conclusion.,RAPID_MOVEMENT: Material incoming funds were followed by rapid outbound movement.,KYC refresh; source-of-funds review; counterparty context; transaction chronology; open-source and screening checks under approved procedures,NOT_MADE__MLRO_HUMAN_DECISION_REQUIRED,NONE_AUTOMATED
CASE000111,C000910,Review whether observed behaviour is consistent with the customer's stated profile; the alert is not a conclusion.,STRUCTURING: Repeated cash inflows clustered below an internal monitoring parameter.,KYC refresh; source-of-funds review; counterparty context; transaction chronology; open-source and screening checks under approved procedures,NOT_MADE__MLRO_HUMAN_DECISION_REQUIRED,NONE_AUTOMATED
CASE000112,C000302,Review whether observed behaviour is consistent with the customer's stated profile; the alert is not a conclusion.,STRUCTURING: Repeated cash inflows clustered below an internal monitoring parameter.,KYC refresh; source-of-funds review; counterparty context; transaction chronology; open-source and screening checks under approved procedures,NOT_MADE__MLRO_HUMAN_DECISION_REQUIRED,NONE_AUTOMATED
CASE000113,C000839,Review whether observed behaviour is consistent with the customer's stated profile; the alert is not a conclusion.,STRUCTURING: Repeated cash inflows clustered below an internal monitoring parameter.,KYC refresh; source-of-funds review; counterparty context; transaction chronology; open-source and screening checks under approved procedures,NOT_MADE__MLRO_HUMAN_DECISION_REQUIRED,NONE_AUTOMATED
CASE000114,C001151,Review whether observed behaviour is consistent with the customer's stated profile; the alert is not a conclusion.,DORMANT_REACTIVATION: A dormant-designated account recorded material new activity.,KYC refresh; source-of-funds review; counterparty context; transaction chronology; open-source and screening checks under approved procedures,NOT_MADE__MLRO_HUMAN_DECISION_REQUIRED,NONE_AUTOMATED
CASE000115,C000716,Review whether observed behaviour is consistent with the customer's stated profile; the alert is not a conclusion.,STRUCTURING: Repeated cash inflows clustered below an internal monitoring parameter.,KYC refresh; source-of-funds review; counterparty context; transaction chronology; open-source and screening checks under approved procedures,NOT_MADE__MLRO_HUMAN_DECISION_REQUIRED,NONE_AUTOMATED
CASE000116,C000811,Review whether observed behaviour is consistent with the customer's stated profile; the alert is not a conclusion.,STRUCTURING: Repeated cash inflows clustered below an internal monitoring parameter.,KYC refresh; source-of-funds review; counterparty context; transaction chronology; open-source and screening checks under approved procedures,NOT_MADE__MLRO_HUMAN_DECISION_REQUIRED,NONE_AUTOMATED
CASE000117,C001575,Review whether observed behaviour is consistent with the customer's stated profile; the alert is not a conclusion.,STRUCTURING: Repeated cash inflows clustered below an internal monitoring parameter.,KYC refresh; source-of-funds review; counterparty context; transaction chronology; open-source and screening checks under approved procedures,NOT_MADE__MLRO_HUMAN_DECISION_REQUIRED,NONE_AUTOMATED
CASE000118,C000156,Review whether observed behaviour is consistent with the customer's stated profile; the alert is not a conclusion.,DORMANT_REACTIVATION: A dormant-designated account recorded material new activity.,KYC refresh; source-of-funds review; counterparty context; transaction chronology; open-source and screening checks under approved procedures,NOT_MADE__MLRO_HUMAN_DECISION_REQUIRED,NONE_AUTOMATED
CASE000119,C000579,Review whether observed behaviour is consistent with the customer's stated profile; the alert is not a conclusion.,STRUCTURING: Repeated cash inflows clustered below an internal monitoring parameter.,KYC refresh; source-of-funds review; counterparty context; transaction chronology; open-source and screening checks under approved procedures,NOT_MADE__MLRO_HUMAN_DECISION_REQUIRED,NONE_AUTOMATED
CASE000120,C001774,Review whether observed behaviour is consistent with the customer's stated profile; the alert is not a conclusion.,STRUCTURING: Repeated cash inflows clustered below an internal monitoring parameter.,KYC refresh; source-of-funds review; counterparty context; transaction chronology; open-source and screening checks under approved procedures,NOT_MADE__MLRO_HUMAN_DECISION_REQUIRED,NONE_AUTOMATED
CASE000121,C001412,Review whether observed behaviour is consistent with the customer's stated profile; the alert is not a conclusion.,STRUCTURING: Repeated cash inflows clustered below an internal monitoring parameter.,KYC refresh; source-of-funds review; counterparty context; transaction chronology; open-source and screening checks under approved procedures,NOT_MADE__MLRO_HUMAN_DECISION_REQUIRED,NONE_AUTOMATED
CASE000122,C001704,Review whether observed behaviour is consistent with the customer's stated profile; the alert is not a conclusion.,DORMANT_REACTIVATION: A dormant-designated account recorded material new activity.,KYC refresh; source-of-funds review; counterparty context; transaction chronology; open-source and screening checks under approved procedures,NOT_MADE__MLRO_HUMAN_DECISION_REQUIRED,NONE_AUTOMATED
CASE000123,C000756,Review whether observed behaviour is consistent with the customer's stated profile; the alert is not a conclusion.,DORMANT_REACTIVATION: A dormant-designated account recorded material new activity.,KYC refresh; source-of-funds review; counterparty context; transaction chronology; open-source and screening checks under approved procedures,NOT_MADE__MLRO_HUMAN_DECISION_REQUIRED,NONE_AUTOMATED
CASE000124,C001535,Review whether observed behaviour is consistent with the customer's stated profile; the alert is not a conclusion.,DORMANT_REACTIVATION: A dormant-designated account recorded material new activity.,KYC refresh; source-of-funds review; counterparty context; transaction chronology; open-source and screening checks under approved procedures,NOT_MADE__MLRO_HUMAN_DECISION_REQUIRED,NONE_AUTOMATED
CASE000125,C000097,Review whether observed behaviour is consistent with the customer's stated profile; the alert is not a conclusion.,DORMANT_REACTIVATION: A dormant-designated account recorded material new activity.,KYC refresh; source-of-funds review; counterparty context; transaction chronology; open-source and screening checks under approved procedures,NOT_MADE__MLRO_HUMAN_DECISION_REQUIRED,NONE_AUTOMATED
CASE000126,C000922,Review whether observed behaviour is consistent with the customer's stated profile; the alert is not a conclusion.,DORMANT_REACTIVATION: A dormant-designated account recorded material new activity.,KYC refresh; source-of-funds review; counterparty context; transaction chronology; open-source and screening checks under approved procedures,NOT_MADE__MLRO_HUMAN_DECISION_REQUIRED,NONE_AUTOMATED
